label,word,count,rank
0,issuer,199,1.0
0,company,154,2.0
0,depository,137,3.0
0,stock,134,4.0
0,security,134,5.0
0,board,126,6.0
0,share,125,7.0
0,exchange,119,8.0
0,recognise,109,9.0
0,acquirer,83,10.0
0,corporation,77,11.0
0,person,67,12.0
0,participant,66,13.0
0,public,60,14.0
0,investor,58,15.0
0,target,57,16.0
0,issue,57,17.0
0,list,56,18.0
0,offer,55,19.0
0,debt,54,20.0
0,entity,54,21.0
0,director,48,22.0
0,clear,47,23.0
0,right,45,24.0
0,clearing,43,25.0
0,designate,43,26.0
0,foreign,41,27.0
0,portfolio,40,28.0
0,case,39,29.0
0,fund,36,30.0
0,non,33,31.0
0,convertible,31,32.0
0,recognize,30,33.0
0,shareholder,29,34.0
0,trustee,29,35.0
0,voting,29,36.0
0,municipal,27,37.0
0,acquisition,27,38.0
0,rating,26,39.0
0,sub,26,40.0
0,document,25,41.0
0,act,23,42.0
0,equity,22,43.0
0,holder,20,44.0
0,redeemable,20,45.0
0,debenture,20,46.0
0,specify,19,47.0
0,investment,19,48.0
0,hold,18,49.0
0,preference,18,50.0
0,member,18,51.0
0,trust,18,52.0
0,disclosure,17,53.0
0,account,17,54.0
0,asset,17,55.0
0,manager,17,56.0
0,employee,16,57.0
0,price,16,58.0
0,promoter,16,59.0
0,government,15,60.0
0,bank,15,61.0
0,concert,15,62.0
0,trading,15,63.0
0,financial,14,64.0
0,credit,14,65.0
0,capital,14,66.0
0,date,14,67.0
0,acquire,14,68.0
0,agent,14,69.0
0,beneficial,13,70.0
0,control,13,71.0
0,unit,13,72.0
0,intermediary,13,73.0
0,announcement,13,74.0
0,provision,13,75.0
0,shareholding,12,76.0
0,valuer,12,77.0
0,owner,12,78.0
0,group,12,79.0
0,market,12,80.0
0,grant,12,81.0
0,register,12,82.0
0,application,11,83.0
0,transaction,11,84.0
0,corporate,11,85.0
0,open,11,86.0
0,institution,11,87.0
0,buy,11,88.0
0,instrument,11,89.0
0,subsidiary,10,90.0
0,record,10,91.0
0,law,10,92.0
0,include,10,93.0
0,settlement,10,94.0
0,banker,10,95.0
0,merchant,10,96.0
0,central,10,97.0
0,certificate,10,98.0
0,govern,10,99.0
0,trade,10,100.0
0,form,9,101.0
0,applicant,9,102.0
0,period,9,103.0
0,refer,9,104.0
0,mutual,9,105.0
0,appointment,9,106.0
0,recognition,9,107.0
0,time,9,108.0
0,cent,9,109.0
0,advertisement,9,110.0
0,holding,9,111.0
0,deed,9,112.0
0,registration,9,113.0
0,total,9,114.0
0,key,8,115.0
0,respect,8,116.0
0,state,8,117.0
0,value,8,118.0
0,approval,8,119.0
0,management,8,120.0
0,purpose,8,121.0
0,personnel,8,122.0
0,draft,8,123.0
0,india,8,124.0
0,option,8,125.0
0,charge,7,126.0
0,subscription,7,127.0
0,information,7,128.0
0,manage,7,129.0
0,invit,7,130.0
0,client,7,131.0
0,associate,7,132.0
0,pay,7,133.0
0,agreement,7,134.0
0,agency,7,135.0
0,derivative,7,136.0
0,primary,6,137.0
0,dividend,6,138.0
0,transfer,6,139.0
0,copy,6,140.0
0,transferor,6,141.0
0,reit,6,142.0
0,sponsor,6,143.0
0,receipt,6,144.0
0,number,6,145.0
0,raise,6,146.0
0,desirous,6,147.0
0,scheme,6,148.0
0,sar,6,149.0
0,parameter,6,150.0
0,seek,6,151.0
0,provide,6,152.0
0,sebi,6,153.0
0,bond,6,154.0
0,valuation,6,155.0
0,obtain,6,156.0
0,venture,6,157.0
0,shall,6,158.0
0,appoint,5,159.0
0,takeover,5,160.0
0,requirement,5,161.0
0,municipality,5,162.0
0,resolution,5,163.0
0,volume,5,164.0
0,result,5,165.0
0,condition,5,166.0
0,payable,5,167.0
0,special,5,168.0
0,meeting,5,169.0
0,auditor,5,170.0
0,property,5,171.0
0,service,5,172.0
0,prospectus,5,173.0
0,conversion,5,174.0
0,purchase,5,175.0
0,association,5,176.0
0,entitle,5,177.0
0,lead,5,178.0
0,pursuant,5,179.0
0,file,5,180.0
0,behalf,5,181.0
0,bye,5,182.0
0,letter,5,183.0
0,registered,4,184.0
0,arrangement,4,185.0
0,day,4,186.0
0,permissible,4,187.0
0,memorandum,4,188.0
0,placement,4,189.0
0,individual,4,190.0
0,pledge,4,191.0
0,custodian,4,192.0
0,maximum,4,193.0
0,matter,4,194.0
0,concerned,4,195.0
0,statement,4,196.0
0,specific,4,197.0
0,payment,4,198.0
0,adviser,4,199.0
0,page,4,200.0
0,governing,4,201.0
0,deposit,4,202.0
0,revision,4,203.0
0,profit,4,204.0
0,say,4,205.0
0,tax,4,206.0
0,vote,4,207.0
0,whichever,4,208.0
0,redemption,4,209.0
0,detailed,4,210.0
0,guarantee,4,211.0
0,reserve,4,212.0
0,officer,4,213.0
0,obligation,4,214.0
0,increase,4,215.0
0,minimum,4,216.0
0,money,4,217.0
0,book,4,218.0
0,ballot,4,219.0
0,postal,4,220.0
0,circular,3,221.0
0,directly,3,222.0
0,allotment,3,223.0
0,acting,3,224.0
0,eligible,3,225.0
0,contract,3,226.0
0,subscriber,3,227.0
0,constitution,3,228.0
0,regard,3,229.0
0,pertain,3,230.0
0,insider,3,231.0
0,angel,3,232.0
0,renewal,3,233.0
0,shelf,3,234.0
0,independent,3,235.0
0,activity,3,236.0
0,levy,3,237.0
0,undertaking,3,238.0
0,secure,3,239.0
0,basis,3,240.0
0,securitie,3,241.0
0,relate,3,242.0
0,securitised,3,243.0
0,report,3,244.0
0,lease,3,245.0
0,base,3,246.0
0,rate,3,247.0
0,benefit,3,248.0
0,entry,3,249.0
0,way,3,250.0
0,body,3,251.0
0,bonus,3,252.0
0,outstanding,3,253.0
0,follow,3,254.0
0,committee,3,255.0
0,position,3,256.0
0,propose,3,257.0
0,abridge,3,258.0
0,issuance,3,259.0
0,rule,3,260.0
0,declare,3,261.0
0,early,3,262.0
0,indirectly,3,263.0
0,title,3,264.0
0,pledgee,3,265.0
0,distribution,3,266.0
0,project,3,267.0
0,sector,3,268.0
0,private,3,269.0
0,average,3,270.0
0,sheet,3,271.0
0,place,3,272.0
0,manner,3,273.0
0,specified,3,274.0
0,clause,3,275.0
0,effect,3,276.0
0,material,3,277.0
0,event,3,278.0
0,escrow,3,279.0
0,office,3,280.0
0,exist,3,281.0
0,short,2,282.0
0,entitlement,2,283.0
0,dematerialise,2,284.0
0,firm,2,285.0
0,future,2,286.0
0,sa,2,287.0
0,secretary,2,288.0
0,roll,2,289.0
0,irrespective,2,290.0
0,entire,2,291.0
0,respective,2,292.0
0,related,2,293.0
0,size,2,294.0
0,exceed,2,295.0
0,representative,2,296.0
0,e,2,297.0
0,restriction,2,298.0
0,indirect,2,299.0
0,exercise,2,300.0
0,income,2,301.0
0,distinct,2,302.0
0,sale,2,303.0
0,space,2,304.0
0,fix,2,305.0
0,represent,2,306.0
0,send,2,307.0
0,split,2,308.0
0,initial,2,309.0
0,enter,2,310.0
0,request,2,311.0
0,require,2,312.0
0,electronic,2,313.0
0,resident,2,314.0
0,direction,2,315.0
0,direct,2,316.0
0,intend,2,317.0
0,intention,2,318.0
0,seeking,2,319.0
0,encumbrance,2,320.0
0,securitized,2,321.0
0,enhancement,2,322.0
0,general,2,323.0
0,fee,2,324.0
0,rupee,2,325.0
0,consideration,2,326.0
0,pass,2,327.0
0,par,2,328.0
0,collateral,2,329.0
0,particular,2,330.0
0,partner,2,331.0
0,combined,2,332.0
0,warrant,2,333.0
0,merger,2,334.0
0,commencement,2,335.0
0,alienation,2,336.0
0,party,2,337.0
0,recipient,2,338.0
0,communication,2,339.0
0,compete,2,340.0
0,meet,2,341.0
0,compliance,2,342.0
0,till,2,343.0
0,weight,2,344.0
0,mean,2,345.0
0,term,2,346.0
0,managerial,2,347.0
0,participate,2,348.0
0,classification,2,349.0
0,consequential,2,350.0
0,monie,2,351.0
0,unlisted,2,352.0
0,belong,2,353.0
0,borrowing,2,354.0
0,order,2,355.0
0,assess,2,356.0
0,business,2,357.0
0,article,2,358.0
0,new,2,359.0
0,underwriter,2,360.0
0,arise,2,361.0
0,capitalization,2,362.0
0,carry,2,363.0
0,qualified,2,364.0
0,proposal,2,365.0
0,outside,2,366.0
0,defer,2,367.0
0,change,2,368.0
0,cheque,2,369.0
0,claim,2,370.0
0,consent,2,371.0
0,available,2,372.0
0,tender,2,373.0
0,contribution,2,374.0
0,listed,2,375.0
0,convert,2,376.0
0,prior,2,377.0
0,action,2,378.0
0,post,2,379.0
0,power,2,380.0
0,like,2,381.0
0,lien,2,382.0
0,practice,2,383.0
0,refund,2,384.0
0,substantial,2,385.0
0,create,2,386.0
0,accordance,2,387.0
0,deceased,2,388.0
0,registrar,2,389.0
0,year,2,390.0
0,default,2,391.0
0,plan,2,392.0
0,limit,2,393.0
0,percent,2,394.0
0,lock,2,395.0
0,long,2,396.0
0,majority,2,397.0
0,consolidated,2,398.0
0,reconstruction,2,399.0
0,risk,1,400.0
0,properly,1,401.0
0,safeguard,1,402.0
0,restraint,1,403.0
0,generality,1,404.0
0,product,1,405.0
0,processing,1,406.0
0,precede,1,407.0
0,physical,1,408.0
0,proper,1,409.0
0,prejudice,1,410.0
0,process,1,411.0
0,proposing,1,412.0
0,free,1,413.0
0,framework,1,414.0
0,provider,1,415.0
0,pendency,1,416.0
0,fractional,1,417.0
0,hypothecatee,1,418.0
0,preferential,1,419.0
0,herre,1,420.0
0,oversubscription,1,421.0
0,procedure,1,422.0
0,partnership,1,423.0
0,global,1,424.0
0,pledger,1,425.0
0,policy,1,426.0
0,function,1,427.0
0,privately,1,428.0
0,prohibition,1,429.0
0,periodically,1,430.0
0,review,1,431.0
0,rights,1,432.0
0,proceeding,1,433.0
0,revenue,1,434.0
0,proxy,1,435.0
0,paper,1,436.0
0,promote,1,437.0
0,promotional,1,438.0
0,half,1,439.0
0,retain,1,440.0
0,rta,1,441.0
0,iv,1,442.0
0,ii,1,443.0
0,offering,1,444.0
0,red,1,445.0
0,margin,1,446.0
0,march,1,447.0
0,recommendation,1,448.0
0,infrastructure,1,449.0
0,managing,1,450.0
0,satisfaction,1,451.0
0,inspect,1,452.0
0,inspection,1,453.0
0,lot,1,454.0
0,recover,1,455.0
0,insurance,1,456.0
0,listing,1,457.0
0,inter,1,458.0
0,relevant,1,459.0
0,relative,1,460.0
0,measure,1,461.0
0,line,1,462.0
0,relationship,1,463.0
0,intimation,1,464.0
0,invest,1,465.0
0,level,1,466.0
0,legislation,1,467.0
0,lakh,1,468.0
0,kra,1,469.0
0,invitation,1,470.0
0,involve,1,471.0
0,iof,1,472.0
0,know,1,473.0
0,regulator,1,474.0
0,j,1,475.0
0,marketable,1,476.0
0,individually,1,477.0
0,publicity,1,478.0
0,nationwide,1,479.0
0,purchaser,1,480.0
0,notification,1,481.0
0,notice,1,482.0
0,note,1,483.0
0,notch,1,484.0
0,networth,1,485.0
0,identity,1,486.0
0,net,1,487.0
0,negative,1,488.0
0,idr,1,489.0
0,research,1,490.0
0,nature,1,491.0
0,iii,1,492.0
0,requisite,1,493.0
0,immediate,1,494.0
0,medium,1,495.0
0,mutandis,1,496.0
0,immediately,1,497.0
0,rbi,1,498.0
0,realize,1,499.0
0,implementation,1,500.0
0,incidental,1,501.0
0,modification,1,502.0
0,incorporate,1,503.0
0,mode,1,504.0
0,reasonable,1,505.0
0,incur,1,506.0
0,migration,1,507.0
0,receive,1,508.0
0,indian,1,509.0
0,kyc,1,510.0
0,prescribe,1,511.0
0,applicable,1,512.0
0,announce,1,513.0
0,stand,1,514.0
0,standalone,1,515.0
0,connection,1,516.0
0,differential,1,517.0
0,different,1,518.0
0,buyer,1,519.0
0,buyback,1,520.0
0,telephone,1,521.0
0,turnover,1,522.0
0,status,1,523.0
0,building,1,524.0
0,verifiable,1,525.0
0,determination,1,526.0
0,destroy,1,527.0
0,appropriate,1,528.0
0,contain,1,529.0
0,desire,1,530.0
0,terminal,1,531.0
0,stakeholder,1,532.0
0,comprise,1,533.0
0,discharge,1,534.0
0,alia,1,535.0
0,divide,1,536.0
0,divest,1,537.0
0,diversify,1,538.0
0,source,1,539.0
0,distribute,1,540.0
0,disposal,1,541.0
0,website,1,542.0
0,disinvestment,1,543.0
0,speed,1,544.0
0,spv,1,545.0
0,thereof,1,546.0
0,alternative,1,547.0
0,concern,1,548.0
0,concurrence,1,549.0
0,underwriting,1,550.0
0,termination,1,551.0
0,depositorie,1,552.0
0,content,1,553.0
0,area,1,554.0
0,dematerialize,1,555.0
0,debarment,1,556.0
0,deal,1,557.0
0,datum,1,558.0
0,borrow,1,559.0
0,utilization,1,560.0
0,creation,1,561.0
0,authorised,1,562.0
0,user,1,563.0
0,covenant,1,564.0
0,contribute,1,565.0
0,banking,1,566.0
0,coupon,1,567.0
0,unsecured,1,568.0
0,counter,1,569.0
0,automatic,1,570.0
0,b,1,571.0
0,cost,1,572.0
0,debit,1,573.0
0,submit,1,574.0
0,decision,1,575.0
0,attract,1,576.0
0,tabular,1,577.0
0,dematerialisation,1,578.0
0,assign,1,579.0
0,continuous,1,580.0
0,valid,1,581.0
0,delivery,1,582.0
0,structure,1,583.0
0,submission,1,584.0
0,declaration,1,585.0
0,university,1,586.0
0,define,1,587.0
0,defaulter,1,588.0
0,deem,1,589.0
0,contravention,1,590.0
0,brochure,1,591.0
0,deduct,1,592.0
0,calculate,1,593.0
0,alienate,1,594.0
0,domain,1,595.0
0,administrator,1,596.0
0,extinguishment,1,597.0
0,extinguish,1,598.0
0,external,1,599.0
0,true,1,600.0
0,underlie,1,601.0
0,actual,1,602.0
0,expression,1,603.0
0,sell,1,604.0
0,collective,1,605.0
0,addition,1,606.0
0,combine,1,607.0
0,expense,1,608.0
0,separate,1,609.0
0,adequate,1,610.0
0,withdrawal,1,611.0
0,agree,1,612.0
0,execute,1,613.0
0,f,1,614.0
0,face,1,615.0
0,chairperson,1,616.0
0,access,1,617.0
0,circumstance,1,618.0
0,format,1,619.0
0,yearly,1,620.0
0,foot,1,621.0
0,accept,1,622.0
0,chartered,1,623.0
0,fit,1,624.0
0,searchable,1,625.0
0,fair,1,626.0
0,finance,1,627.0
0,secondary,1,628.0
0,classify,1,629.0
0,accountant,1,630.0
0,secured,1,631.0
0,far,1,632.0
0,securities,1,633.0
0,adjustment,1,634.0
0,surrender,1,635.0
0,admission,1,636.0
0,educative,1,637.0
0,common,1,638.0
0,similar,1,639.0
0,single,1,640.0
0,category,1,641.0
0,affair,1,642.0
0,affect,1,643.0
0,timely,1,644.0
0,aforesaid,1,645.0
0,commodity,1,646.0
0,cast,1,647.0
0,aggregate,1,648.0
0,thousand,1,649.0
0,earning,1,650.0
0,earmark,1,651.0
0,cancellation,1,652.0
0,weighted,1,653.0
0,advisor,1,654.0
0,end,1,655.0
0,commercial,1,656.0
0,excess,1,657.0
0,ensure,1,658.0
0,shareholde,1,659.0
0,advertise,1,660.0
0,transferable,1,661.0
0,seven,1,662.0
0,advice,1,663.0
0,shortfall,1,664.0
0,unblock,0,665.0
0,punishment,0,666.0
0,undertake,0,667.0
0,unpaid,0,668.0
0,questionnaire,0,669.0
0,quorum,0,670.0
0,question,0,671.0
0,quarter,0,672.0
0,unless,0,673.0
0,unblocking,0,674.0
0,pursuance,0,675.0
0,underlying,0,676.0
0,purport,0,677.0
0,qualification,0,678.0
0,q,0,679.0
0,ratification,0,680.0
0,quarterly,0,681.0
0,undergoing,0,682.0
0,quantity,0,683.0
0,unfulfilled,0,684.0
0,unitholder,0,685.0
0,satisfactory,0,686.0
0,publish,0,687.0
0,privacy,0,688.0
0,production,0,689.0
0,whatsoever,0,690.0
0,whereever,0,691.0
0,proceed,0,692.0
0,wholly,0,693.0
0,wide,0,694.0
0,probable,0,695.0
0,privilege,0,696.0
0,wilful,0,697.0
0,willing,0,698.0
0,wind,0,699.0
0,window,0,700.0
0,withdraw,0,701.0
0,witness,0,702.0
0,week,0,703.0
0,priority,0,704.0
0,woman,0,705.0
0,work,0,706.0
0,principle,0,707.0
0,principal,0,708.0
0,working,0,709.0
0,write,0,710.0
0,writing,0,711.0
0,wtm,0,712.0
0,pricing,0,713.0
0,wtms,0,714.0
0,xix,0,715.0
0,previously,0,716.0
0,professional,0,717.0
0,profile,0,718.0
0,publicly,0,719.0
0,vehicle,0,720.0
0,unpublished,0,721.0
0,use,0,722.0
0,publication,0,723.0
0,proximity,0,724.0
0,proviso,0,725.0
0,utilize,0,726.0
0,v,0,727.0
0,vacancy,0,728.0
0,prosecution,0,729.0
0,validity,0,730.0
0,valuing,0,731.0
0,variation,0,732.0
0,vary,0,733.0
0,verification,0,734.0
0,waiver,0,735.0
0,version,0,736.0
0,vessel,0,737.0
0,vest,0,738.0
0,vesting,0,739.0
0,vi,0,740.0
0,vigil,0,741.0
0,vii,0,742.0
0,prohibitory,0,743.0
0,viii,0,744.0
0,violate,0,745.0
0,violation,0,746.0
0,progress,0,747.0
0,voluntarily,0,748.0
0,type,0,749.0
0,reconsideration,0,750.0
0,ratio,0,751.0
0,reputation,0,752.0
0,repricing,0,753.0
0,soft,0,754.0
0,society,0,755.0
0,sme,0,756.0
0,skill,0,757.0
0,repugnant,0,758.0
0,repute,0,759.0
0,sign,0,760.0
0,situation,0,761.0
0,site,0,762.0
0,sit,0,763.0
0,significant,0,764.0
0,signature,0,765.0
0,requisition,0,766.0
0,solely,0,767.0
0,solicitor,0,768.0
0,reprice,0,769.0
0,representation,0,770.0
0,reporting,0,771.0
0,reply,0,772.0
0,replacement,0,773.0
0,sr,0,774.0
0,repeal,0,775.0
0,repayment,0,776.0
0,rental,0,777.0
0,sro,0,778.0
0,stage,0,779.0
0,remuneration,0,780.0
0,remove,0,781.0
0,removal,0,782.0
0,standard,0,783.0
0,rescission,0,784.0
0,severally,0,785.0
0,standards,0,786.0
0,role,0,787.0
0,seizure,0,788.0
0,revised,0,789.0
0,revocation,0,790.0
0,reward,0,791.0
0,seize,0,792.0
0,roadmap,0,793.0
0,secrete,0,794.0
0,resign,0,795.0
0,second,0,796.0
0,search,0,797.0
0,se,0,798.0
0,scrip,0,799.0
0,satisfy,0,800.0
0,satisfied,0,801.0
0,revise,0,802.0
0,self,0,803.0
0,senior,0,804.0
0,return,0,805.0
0,sensitive,0,806.0
0,retirement,0,807.0
0,separately,0,808.0
0,september,0,809.0
0,series,0,810.0
0,serve,0,811.0
0,restore,0,812.0
0,set,0,813.0
0,restoration,0,814.0
0,responsibility,0,815.0
0,previous,0,816.0
0,seventy,0,817.0
0,resignation,0,818.0
0,remittance,0,819.0
0,remedy,0,820.0
0,rationale,0,821.0
0,tenth,0,822.0
0,thirtieth,0,823.0
0,thereund,0,824.0
0,therefrom,0,825.0
0,test,0,826.0
0,recommend,0,827.0
0,tenure,0,828.0
0,tentatively,0,829.0
0,rectify,0,830.0
0,tendering,0,831.0
0,technical,0,832.0
0,salient,0,833.0
0,table,0,834.0
0,swear,0,835.0
0,recovery,0,836.0
0,threshold,0,837.0
0,tool,0,838.0
0,transact,0,839.0
0,reckoner,0,840.0
0,transactional,0,841.0
0,receivables,0,842.0
0,transmission,0,843.0
0,treatie,0,844.0
0,trend,0,845.0
0,reason,0,846.0
0,tribunal,0,847.0
0,turn,0,848.0
0,realise,0,849.0
0,real,0,850.0
0,turnaround,0,851.0
0,ready,0,852.0
0,read,0,853.0
0,rectification,0,854.0
0,suspension,0,855.0
0,rematerialise,0,856.0
0,storage,0,857.0
0,subject,0,858.0
0,strict,0,859.0
0,reject,0,860.0
0,stress,0,861.0
0,strategy,0,862.0
0,store,0,863.0
0,rejection,0,864.0
0,suspect,0,865.0
0,stipulate,0,866.0
0,relation,0,867.0
0,step,0,868.0
0,relaxation,0,869.0
0,statutory,0,870.0
0,remain,0,871.0
0,regulatory,0,872.0
0,regulated,0,873.0
0,regulate,0,874.0
0,subsequent,0,875.0
0,refuse,0,876.0
0,subsisting,0,877.0
0,substance,0,878.0
0,refundable,0,879.0
0,succession,0,880.0
0,suffer,0,881.0
0,sufficiency,0,882.0
0,redressal,0,883.0
0,sufficient,0,884.0
0,suggestion,0,885.0
0,suitable,0,886.0
0,sum,0,887.0
0,superior,0,888.0
0,settle,0,889.0
0,ability,0,890.0
0,prevention,0,891.0
0,delist,0,892.0
0,cover,0,893.0
0,coverage,0,894.0
0,criterion,0,895.0
0,current,0,896.0
0,custody,0,897.0
0,custom,0,898.0
0,database,0,899.0
0,decency,0,900.0
0,delay,0,901.0
0,delayed,0,902.0
0,delegate,0,903.0
0,delisting,0,904.0
0,course,0,905.0
0,demand,0,906.0
0,demat,0,907.0
0,dematerialization,0,908.0
0,department,0,909.0
0,depute,0,910.0
0,description,0,911.0
0,despite,0,912.0
0,determine,0,913.0
0,detrimental,0,914.0
0,development,0,915.0
0,device,0,916.0
0,court,0,917.0
0,country,0,918.0
0,preparation,0,919.0
0,context,0,920.0
0,conclude,0,921.0
0,conduct,0,922.0
0,confidentiality,0,923.0
0,conflict,0,924.0
0,conform,0,925.0
0,connect,0,926.0
0,connectivity,0,927.0
0,consensus,0,928.0
0,consider,0,929.0
0,consist,0,930.0
0,consolidate,0,931.0
0,continuation,0,932.0
0,count,0,933.0
0,continue,0,934.0
0,continuity,0,935.0
0,contra,0,936.0
0,contravene,0,937.0
0,convention,0,938.0
0,corporatize,0,939.0
0,corpus,0,940.0
0,correspond,0,941.0
0,correspondence,0,942.0
0,corresponding,0,943.0
0,council,0,944.0
0,difference,0,945.0
0,digital,0,946.0
0,diligence,0,947.0
0,estate,0,948.0
0,engage,0,949.0
0,enquiry,0,950.0
0,entitie,0,951.0
0,entitled,0,952.0
0,equal,0,953.0
0,equivalent,0,954.0
0,erstwhile,0,955.0
0,esos,0,956.0
0,esp,0,957.0
0,esps,0,958.0
0,establish,0,959.0
0,evaluate,0,960.0
0,directors,0,961.0
0,evaluation,0,962.0
0,evidence,0,963.0
0,ex,0,964.0
0,exclude,0,965.0
0,exclusively,0,966.0
0,execution,0,967.0
0,executive,0,968.0
0,exemption,0,969.0
0,exit,0,970.0
0,expect,0,971.0
0,experience,0,972.0
0,enforcement,0,973.0
0,empower,0,974.0
0,employer,0,975.0
0,employ,0,976.0
0,disaster,0,977.0
0,disciplinary,0,978.0
0,disclose,0,979.0
0,discrepancy,0,980.0
0,discretionary,0,981.0
0,discuss,0,982.0
0,discussion,0,983.0
0,disgorge,0,984.0
0,disgorgement,0,985.0
0,dispose,0,986.0
0,dispute,0,987.0
0,disseminate,0,988.0
0,dissemination,0,989.0
0,distributor,0,990.0
0,division,0,991.0
0,dm,0,992.0
0,duly,0,993.0
0,duty,0,994.0
0,economic,0,995.0
0,education,0,996.0
0,efficient,0,997.0
0,eighty,0,998.0
0,election,0,999.0
0,concessioning,0,1000.0
0,computation,0,1001.0
0,compulsorily,0,1002.0
0,annum,0,1003.0
0,allocation,0,1004.0
0,allottee,0,1005.0
0,allow,0,1006.0
0,alteration,0,1007.0
0,amendment,0,1008.0
0,analogous,0,1009.0
0,analysis,0,1010.0
0,analyst,0,1011.0
0,annex,0,1012.0
0,annual,0,1013.0
0,annually,0,1014.0
0,anti,0,1015.0
0,assessment,0,1016.0
0,ao,0,1017.0
0,appear,0,1018.0
0,appellate,0,1019.0
0,apply,0,1020.0
0,approach,0,1021.0
0,approve,0,1022.0
0,approx,0,1023.0
0,april,0,1024.0
0,arbitration,0,1025.0
0,arrive,0,1026.0
0,ascribe,0,1027.0
0,alleged,0,1028.0
0,allege,0,1029.0
0,aircraft,0,1030.0
0,aggrieved,0,1031.0
0,absence,0,1032.0
0,abusive,0,1033.0
0,acceptance,0,1034.0
0,accompany,0,1035.0
0,accord,0,1036.0
0,accounting,0,1037.0
0,accreditation,0,1038.0
0,accrue,0,1039.0
0,actuarial,0,1040.0
0,adapt,0,1041.0
0,additional,0,1042.0
0,adjudicate,0,1043.0
0,adjudication,0,1044.0
0,admit,0,1045.0
0,admittance,0,1046.0
0,adopt,0,1047.0
0,advance,0,1048.0
0,advisory,0,1049.0
0,advocate,0,1050.0
0,affidavit,0,1051.0
0,affiliation,0,1052.0
0,agenda,0,1053.0
0,aggrieve,0,1054.0
0,aspect,0,1055.0
0,assignment,0,1056.0
0,compounding,0,1057.0
0,commitment,0,1058.0
0,clearance,0,1059.0
0,close,0,1060.0
0,closure,0,1061.0
0,code,0,1062.0
0,collect,0,1063.0
0,combination,0,1064.0
0,come,0,1065.0
0,commence,0,1066.0
0,comment,0,1067.0
0,commission,0,1068.0
0,commit,0,1069.0
0,communicate,0,1070.0
0,attachment,0,1071.0
0,compensate,0,1072.0
0,compensation,0,1073.0
0,competent,0,1074.0
0,competitive,0,1075.0
0,complaint,0,1076.0
0,complete,0,1077.0
0,completion,0,1078.0
0,complie,0,1079.0
0,comply,0,1080.0
0,component,0,1081.0
0,composition,0,1082.0
0,class,0,1083.0
0,circulate,0,1084.0
0,chief,0,1085.0
0,charter,0,1086.0
0,audit,0,1087.0
0,audited,0,1088.0
0,auditing,0,1089.0
0,authorise,0,1090.0
0,authority,0,1091.0
0,authorize,0,1092.0
0,authorized,0,1093.0
0,avoid,0,1094.0
0,balancing,0,1095.0
0,bankruptcy,0,1096.0
0,bearing,0,1097.0
0,broker,0,1098.0
0,brokerage,0,1099.0
0,build,0,1100.0
0,byelaw,0,1101.0
0,c,0,1102.0
0,calculation,0,1103.0
0,cash,0,1104.0
0,cause,0,1105.0
0,certification,0,1106.0
0,certify,0,1107.0
0,chairman,0,1108.0
0,chairpersonship,0,1109.0
0,expertise,0,1110.0
0,expiry,0,1111.0
0,explanation,0,1112.0
0,mutatis,0,1113.0
0,minority,0,1114.0
0,mislead,0,1115.0
0,misleading,0,1116.0
0,modified,0,1117.0
0,modify,0,1118.0
0,monetary,0,1119.0
0,monitor,0,1120.0
0,monitoring,0,1121.0
0,month,0,1122.0
0,multiple,0,1123.0
0,mumbai,0,1124.0
0,mutually,0,1125.0
0,norm,0,1126.0
0,nation,0,1127.0
0,national,0,1128.0
0,nav,0,1129.0
0,nbfcs,0,1130.0
0,necessary,0,1131.0
0,need,0,1132.0
0,negligence,0,1133.0
0,negotiation,0,1134.0
0,network,0,1135.0
0,newspaper,0,1136.0
0,nism,0,1137.0
0,merge,0,1138.0
0,mention,0,1139.0
0,memo,0,1140.0
0,membership,0,1141.0
0,able,0,1142.0
0,laches,0,1143.0
0,large,0,1144.0
0,laundering,0,1145.0
0,legal,0,1146.0
0,legitimate,0,1147.0
0,lender,0,1148.0
0,liability,0,1149.0
0,limitation,0,1150.0
0,limited,0,1151.0
0,liquidation,0,1152.0
0,llp,0,1153.0
0,locate,0,1154.0
0,location,0,1155.0
0,loss,0,1156.0
0,low,0,1157.0
0,maintain,0,1158.0
0,maintenance,0,1159.0
0,mandate,0,1160.0
0,mark,0,1161.0
0,materiality,0,1162.0
0,maturity,0,1163.0
0,mechanism,0,1164.0
0,nomination,0,1165.0
0,normally,0,1166.0
0,jurisdiction,0,1167.0
0,periodic,0,1168.0
0,parte,0,1169.0
0,participation,0,1170.0
0,partly,0,1171.0
0,passing,0,1172.0
0,pcf,0,1173.0
0,peculiar,0,1174.0
0,peer,0,1175.0
0,penalty,0,1176.0
0,pende,0,1177.0
0,pension,0,1178.0
0,performance,0,1179.0
0,periodicity,0,1180.0
0,noticee,0,1181.0
0,permanent,0,1182.0
0,personal,0,1183.0
0,planning,0,1184.0
0,play,0,1185.0
0,police,0,1186.0
0,portion,0,1187.0
0,possession,0,1188.0
0,possible,0,1189.0
0,practise,0,1190.0
0,pre,0,1191.0
0,premise,0,1192.0
0,parliament,0,1193.0
0,para,0,1194.0
0,panel,0,1195.0
0,p,0,1196.0
0,objection,0,1197.0
0,observation,0,1198.0
0,occupant,0,1199.0
0,october,0,1200.0
0,offence,0,1201.0
0,offender,0,1202.0
0,offshore,0,1203.0
0,omission,0,1204.0
0,omnibus,0,1205.0
0,ongoing,0,1206.0
0,operate,0,1207.0
0,operation,0,1208.0
0,operational,0,1209.0
0,opinion,0,1210.0
0,opportunity,0,1211.0
0,opt,0,1212.0
0,ordinary,0,1213.0
0,organisation,0,1214.0
0,organization,0,1215.0
0,origin,0,1216.0
0,original,0,1217.0
0,overall,0,1218.0
0,ownership,0,1219.0
0,knowledge,0,1220.0
0,judicial,0,1221.0
0,explanatory,0,1222.0
0,gebs,0,1223.0
0,forward,0,1224.0
0,fraction,0,1225.0
0,fresh,0,1226.0
0,fugitive,0,1227.0
0,fulfil,0,1228.0
0,fulfill,0,1229.0
0,functioning,0,1230.0
0,furnish,0,1231.0
0,g,0,1232.0
0,gaap,0,1233.0
0,gain,0,1234.0
0,generate,0,1235.0
0,history,0,1236.0
0,generating,0,1237.0
0,geographical,0,1238.0
0,good,0,1239.0
0,governance,0,1240.0
0,grade,0,1241.0
0,grants,0,1242.0
0,grievance,0,1243.0
0,ground,0,1244.0
0,guidance,0,1245.0
0,handle,0,1246.0
0,hereinafter,0,1247.0
0,formulation,0,1248.0
0,formulate,0,1249.0
0,formulae,0,1250.0
0,formality,0,1251.0
0,extent,0,1252.0
0,facility,0,1253.0
0,fact,0,1254.0
0,factor,0,1255.0
0,fail,0,1256.0
0,faith,0,1257.0
0,fall,0,1258.0
0,false,0,1259.0
0,favour,0,1260.0
0,feasibility,0,1261.0
0,feature,0,1262.0
0,female,0,1263.0
0,fiduciarie,0,1264.0
0,fiduciary,0,1265.0
0,figure,0,1266.0
0,filing,0,1267.0
0,final,0,1268.0
0,finding,0,1269.0
0,fine,0,1270.0
0,flow,0,1271.0
0,following,0,1272.0
0,force,0,1273.0
0,forfeiture,0,1274.0
0,high,0,1275.0
0,holdco,0,1276.0
0,jointly,0,1277.0
0,interim,0,1278.0
0,inheritor,0,1279.0
0,initiate,0,1280.0
0,initiation,0,1281.0
0,inquiry,0,1282.0
0,insolvency,0,1283.0
0,instance,0,1284.0
0,institute,0,1285.0
0,instruction,0,1286.0
0,integrity,0,1287.0
0,interested,0,1288.0
0,interfere,0,1289.0
0,intermediaries,0,1290.0
0,holders,0,1291.0
0,internal,0,1292.0
0,international,0,1293.0
0,intimate,0,1294.0
0,inventory,0,1295.0
0,investee,0,1296.0
0,investigate,0,1297.0
0,investigation,0,1298.0
0,ipo,0,1299.0
0,issuing,0,1300.0
0,item,0,1301.0
0,joint,0,1302.0
0,inheritance,0,1303.0
0,ingress,0,1304.0
0,informant,0,1305.0
0,inferior,0,1306.0
0,home,0,1307.0
0,house,0,1308.0
0,hpac,0,1309.0
0,hypothecation,0,1310.0
0,ia,0,1311.0
0,ic,0,1312.0
0,icai,0,1313.0
0,identifiable,0,1314.0
0,identification,0,1315.0
0,idrs,0,1316.0
0,ies,0,1317.0
0,ifrs,0,1318.0
0,illiquid,0,1319.0
0,image,0,1320.0
0,imp,0,1321.0
0,impact,0,1322.0
0,implement,0,1323.0
0,inapplicable,0,1324.0
0,incapacitation,0,1325.0
0,ind,0,1326.0
0,indicate,0,1327.0
0,indicator,0,1328.0
0,indigent,0,1329.0
0,yield,0,1330.0
1,board,536,1.0
1,entity,188,2.0
1,sub,166,3.0
1,director,165,4.0
1,list,156,5.0
1,person,140,6.0
1,offer,138,7.0
1,applicant,137,8.0
1,application,123,9.0
1,research,119,10.0
1,investment,106,11.0
1,company,99,12.0
1,specify,96,13.0
1,officer,91,14.0
1,case,89,15.0
1,public,86,16.0
1,document,76,17.0
1,issue,74,18.0
1,grant,74,19.0
1,provision,70,20.0
1,analyst,69,21.0
1,fund,68,22.0
1,share,67,23.0
1,unit,63,24.0
1,manager,62,25.0
1,information,62,26.0
1,certificate,61,27.0
1,security,60,28.0
1,disclosure,60,29.0
1,authority,58,30.0
1,act,57,31.0
1,committee,52,32.0
1,requirement,51,33.0
1,sebi,50,34.0
1,open,49,35.0
1,registration,48,36.0
1,report,46,37.0
1,approval,45,38.0
1,inspect,44,39.0
1,stock,42,40.0
1,authorised,42,41.0
1,fee,41,42.0
1,party,40,43.0
1,reit,39,44.0
1,settlement,39,45.0
1,respect,38,46.0
1,financial,38,47.0
1,exchange,37,48.0
1,acquisition,37,49.0
1,record,37,50.0
1,shall,37,51.0
1,holder,37,52.0
1,participant,35,53.0
1,date,35,54.0
1,inspection,35,55.0
1,depository,35,56.0
1,notice,34,57.0
1,trustee,34,58.0
1,decision,34,59.0
1,statement,34,60.0
1,india,33,61.0
1,issuer,33,62.0
1,proceeding,32,63.0
1,scheme,31,64.0
1,acquirer,31,65.0
1,invit,31,66.0
1,designate,31,67.0
1,account,30,68.0
1,order,29,69.0
1,clause,28,70.0
1,time,28,71.0
1,provide,28,72.0
1,resolution,28,73.0
1,audit,28,74.0
1,include,28,75.0
1,valuer,27,76.0
1,investor,27,77.0
1,term,27,78.0
1,period,27,79.0
1,obligation,27,80.0
1,price,26,81.0
1,adviser,26,82.0
1,shareholder,26,83.0
1,alternative,26,84.0
1,non,26,85.0
1,announcement,25,86.0
1,independent,25,87.0
1,draft,25,88.0
1,transaction,25,89.0
1,compliance,24,90.0
1,related,24,91.0
1,condition,23,92.0
1,trust,23,93.0
1,meeting,23,94.0
1,target,23,95.0
1,associate,23,96.0
1,client,23,97.0
1,follow,23,98.0
1,primary,23,99.0
1,material,22,100.0
1,individual,22,101.0
1,number,21,102.0
1,require,21,103.0
1,form,21,104.0
1,purpose,21,105.0
1,compensation,21,106.0
1,contain,20,107.0
1,change,20,108.0
1,portfolio,20,109.0
1,employee,20,110.0
1,service,19,111.0
1,body,19,112.0
1,business,19,113.0
1,member,19,114.0
1,valuation,19,115.0
1,management,19,116.0
1,auditor,18,117.0
1,result,18,118.0
1,right,18,119.0
1,action,17,120.0
1,eligible,17,121.0
1,seek,17,122.0
1,register,17,123.0
1,payment,17,124.0
1,administrator,17,125.0
1,exemption,17,126.0
1,b,17,127.0
1,control,16,128.0
1,whichever,16,129.0
1,exist,16,130.0
1,law,16,131.0
1,remuneration,16,132.0
1,advertisement,16,133.0
1,receive,15,134.0
1,sponsor,15,135.0
1,prior,15,136.0
1,vote,15,137.0
1,c,15,138.0
1,detailed,15,139.0
1,employ,15,140.0
1,accountant,15,141.0
1,submit,15,142.0
1,classification,15,143.0
1,asset,15,144.0
1,representative,15,145.0
1,merchant,15,146.0
1,default,14,147.0
1,estate,14,148.0
1,concert,14,149.0
1,copy,14,150.0
1,real,14,151.0
1,lead,14,152.0
1,market,14,153.0
1,kra,14,154.0
1,pay,14,155.0
1,pursuant,14,156.0
1,advice,13,157.0
1,liability,13,158.0
1,payable,13,159.0
1,appointment,13,160.0
1,advisory,13,161.0
1,letter,13,162.0
1,hold,13,163.0
1,high,13,164.0
1,rule,13,165.0
1,transfer,13,166.0
1,manage,13,167.0
1,agreement,13,168.0
1,way,13,169.0
1,comment,13,170.0
1,vehicle,13,171.0
1,initial,13,172.0
1,corporate,13,173.0
1,refer,13,174.0
1,contract,13,175.0
1,institute,13,176.0
1,activity,13,177.0
1,authorise,13,178.0
1,annual,13,179.0
1,legal,13,180.0
1,bank,13,181.0
1,banker,13,182.0
1,plan,12,183.0
1,complete,12,184.0
1,manner,12,185.0
1,aircraft,12,186.0
1,reject,12,187.0
1,sr,12,188.0
1,book,12,189.0
1,applicable,12,190.0
1,circular,12,191.0
1,place,12,192.0
1,warrant,12,193.0
1,trading,12,194.0
1,property,12,195.0
1,value,12,196.0
1,relate,12,197.0
1,recommendation,11,198.0
1,proceed,11,199.0
1,voting,11,200.0
1,event,11,201.0
1,equity,11,202.0
1,option,11,203.0
1,partner,11,204.0
1,stipulate,11,205.0
1,placement,11,206.0
1,debt,11,207.0
1,day,11,208.0
1,year,11,209.0
1,special,11,210.0
1,executive,11,211.0
1,ii,11,212.0
1,charter,11,213.0
1,key,11,214.0
1,regard,11,215.0
1,vessel,11,216.0
1,instruction,11,217.0
1,charge,11,218.0
1,search,11,219.0
1,affair,10,220.0
1,factor,10,221.0
1,risk,10,222.0
1,nomination,10,223.0
1,electronic,10,224.0
1,informant,10,225.0
1,regulatory,10,226.0
1,personnel,10,227.0
1,benefit,10,228.0
1,general,10,229.0
1,particular,10,230.0
1,regulator,10,231.0
1,intermediary,10,232.0
1,power,10,233.0
1,investigation,10,234.0
1,foreign,10,235.0
1,recovery,10,236.0
1,appoint,10,237.0
1,relevant,9,238.0
1,intimation,9,239.0
1,process,9,240.0
1,corporation,9,241.0
1,chairperson,9,242.0
1,subject,9,243.0
1,incur,9,244.0
1,thereof,9,245.0
1,accordance,9,246.0
1,promoter,9,247.0
1,acceptance,9,248.0
1,broker,9,249.0
1,review,9,250.0
1,sar,9,251.0
1,commencement,9,252.0
1,minimum,9,253.0
1,angel,9,254.0
1,managing,9,255.0
1,second,9,256.0
1,e,9,257.0
1,limited,9,258.0
1,page,8,259.0
1,monie,8,260.0
1,final,8,261.0
1,direction,8,262.0
1,refundable,8,263.0
1,permanent,8,264.0
1,cost,8,265.0
1,precede,8,266.0
1,mode,8,267.0
1,investigate,8,268.0
1,government,8,269.0
1,recognition,8,270.0
1,matter,8,271.0
1,iii,8,272.0
1,receipt,8,273.0
1,panel,8,274.0
1,propose,8,275.0
1,convertible,8,276.0
1,memorandum,8,277.0
1,procedure,8,278.0
1,volume,8,279.0
1,beneficial,8,280.0
1,cast,8,281.0
1,acquire,8,282.0
1,chief,8,283.0
1,agency,8,284.0
1,owner,7,285.0
1,base,7,286.0
1,behalf,7,287.0
1,mention,7,288.0
1,intention,7,289.0
1,initiate,7,290.0
1,commission,7,291.0
1,penalty,7,292.0
1,file,7,293.0
1,reserve,7,294.0
1,establish,7,295.0
1,consideration,7,296.0
1,limit,7,297.0
1,listing,7,298.0
1,rejection,7,299.0
1,engage,7,300.0
1,agent,7,301.0
1,approve,7,302.0
1,refund,7,303.0
1,announce,7,304.0
1,early,7,305.0
1,duly,7,306.0
1,domain,7,307.0
1,rating,7,308.0
1,carry,7,309.0
1,conform,7,310.0
1,respective,7,311.0
1,claim,7,312.0
1,role,7,313.0
1,ia,7,314.0
1,proposal,7,315.0
1,sector,7,316.0
1,privilege,7,317.0
1,outside,6,318.0
1,maximum,6,319.0
1,arrangement,6,320.0
1,unpublished,6,321.0
1,clearing,6,322.0
1,tender,6,323.0
1,operation,6,324.0
1,immediately,6,325.0
1,profit,6,326.0
1,code,6,327.0
1,ordinary,6,328.0
1,project,6,329.0
1,loss,6,330.0
1,credit,6,331.0
1,escrow,6,332.0
1,course,6,333.0
1,effect,6,334.0
1,waiver,6,335.0
1,institution,6,336.0
1,certification,6,337.0
1,professional,6,338.0
1,recognize,6,339.0
1,money,6,340.0
1,class,6,341.0
1,impact,6,342.0
1,allege,6,343.0
1,sensitive,6,344.0
1,proxy,6,345.0
1,confidentiality,6,346.0
1,sale,6,347.0
1,specified,5,348.0
1,ensure,5,349.0
1,vi,5,350.0
1,group,5,351.0
1,firm,5,352.0
1,remain,5,353.0
1,holding,5,354.0
1,spv,5,355.0
1,indian,5,356.0
1,cash,5,357.0
1,seize,5,358.0
1,cause,5,359.0
1,filing,5,360.0
1,figure,5,361.0
1,conversion,5,362.0
1,capital,5,363.0
1,v,5,364.0
1,favour,5,365.0
1,request,5,366.0
1,relaxation,5,367.0
1,building,5,368.0
1,issuance,5,369.0
1,compete,5,370.0
1,competent,5,371.0
1,exercise,5,372.0
1,reward,5,373.0
1,repeal,5,374.0
1,item,5,375.0
1,banking,5,376.0
1,indicate,5,377.0
1,fact,5,378.0
1,governing,5,379.0
1,prescribe,5,380.0
1,para,5,381.0
1,defaulter,5,382.0
1,quarterly,5,383.0
1,pass,5,384.0
1,subsidiary,5,385.0
1,percent,5,386.0
1,statutory,5,387.0
1,status,5,388.0
1,possession,5,389.0
1,omission,5,390.0
1,partnership,5,391.0
1,continue,5,392.0
1,original,5,393.0
1,standard,5,394.0
1,datum,5,395.0
1,determine,5,396.0
1,new,5,397.0
1,disgorgement,5,398.0
1,pertain,5,399.0
1,objection,5,400.0
1,purchase,5,401.0
1,delisting,5,402.0
1,noticee,5,403.0
1,product,5,404.0
1,previously,5,405.0
1,involve,4,406.0
1,context,4,407.0
1,undertaking,4,408.0
1,format,4,409.0
1,accounting,4,410.0
1,evidence,4,411.0
1,advisor,4,412.0
1,insurance,4,413.0
1,pende,4,414.0
1,forfeiture,4,415.0
1,work,4,416.0
1,false,4,417.0
1,subscription,4,418.0
1,calculation,4,419.0
1,derivative,4,420.0
1,buy,4,421.0
1,suffer,4,422.0
1,punishment,4,423.0
1,iv,4,424.0
1,insolvency,4,425.0
1,chairman,4,426.0
1,qualification,4,427.0
1,aforesaid,4,428.0
1,dematerialise,4,429.0
1,tenure,4,430.0
1,table,4,431.0
1,opportunity,4,432.0
1,say,4,433.0
1,previous,4,434.0
1,council,4,435.0
1,monetary,4,436.0
1,observation,4,437.0
1,trade,4,438.0
1,disclose,4,439.0
1,senior,4,440.0
1,half,4,441.0
1,entry,4,442.0
1,division,4,443.0
1,satisfy,4,444.0
1,ratio,4,445.0
1,satisfied,4,446.0
1,distinct,4,447.0
1,private,4,448.0
1,yearly,4,449.0
1,rate,4,450.0
1,quorum,4,451.0
1,wtms,4,452.0
1,coverage,4,453.0
1,composition,4,454.0
1,identity,4,455.0
1,assessment,4,456.0
1,instrument,4,457.0
1,question,4,458.0
1,enter,4,459.0
1,ic,4,460.0
1,state,4,461.0
1,hpac,4,462.0
1,arise,4,463.0
1,cover,4,464.0
1,witness,4,465.0
1,offshore,4,466.0
1,meet,4,467.0
1,appropriate,4,468.0
1,f,4,469.0
1,adequate,3,470.0
1,practice,3,471.0
1,personal,3,472.0
1,physical,3,473.0
1,writing,3,474.0
1,policy,3,475.0
1,accrue,3,476.0
1,increase,3,477.0
1,responsibility,3,478.0
1,incidental,3,479.0
1,implement,3,480.0
1,postal,3,481.0
1,revenue,3,482.0
1,revision,3,483.0
1,chartered,3,484.0
1,pre,3,485.0
1,handle,3,486.0
1,pension,3,487.0
1,net,3,488.0
1,capitalization,3,489.0
1,lock,3,490.0
1,assignment,3,491.0
1,majority,3,492.0
1,managerial,3,493.0
1,vii,3,494.0
1,viii,3,495.0
1,regulate,3,496.0
1,violation,3,497.0
1,aggrieve,3,498.0
1,governance,3,499.0
1,obtain,3,500.0
1,misleading,3,501.0
1,analogous,3,502.0
1,wholly,3,503.0
1,amendment,3,504.0
1,monitoring,3,505.0
1,week,3,506.0
1,rbi,3,507.0
1,mutual,3,508.0
1,recognise,3,509.0
1,national,3,510.0
1,allotment,3,511.0
1,opinion,3,512.0
1,listed,3,513.0
1,peer,3,514.0
1,relation,3,515.0
1,ingress,3,516.0
1,calculate,3,517.0
1,wind,3,518.0
1,borrowing,3,519.0
1,represent,3,520.0
1,bearing,3,521.0
1,nav,3,522.0
1,parameter,3,523.0
1,basis,3,524.0
1,qualified,3,525.0
1,joint,3,526.0
1,renewal,3,527.0
1,ballot,3,528.0
1,remedy,3,529.0
1,quarter,3,530.0
1,authorize,3,531.0
1,organization,3,532.0
1,relative,3,533.0
1,organisation,3,534.0
1,wide,3,535.0
1,limitation,3,536.0
1,ipo,3,537.0
1,cent,3,538.0
1,desirous,3,539.0
1,flow,3,540.0
1,tendering,3,541.0
1,discretionary,3,542.0
1,count,3,543.0
1,expense,3,544.0
1,commit,3,545.0
1,enquiry,3,546.0
1,deed,3,547.0
1,undertake,3,548.0
1,force,3,549.0
1,seeking,3,550.0
1,following,3,551.0
1,thereund,3,552.0
1,dispute,3,553.0
1,execution,3,554.0
1,self,3,555.0
1,court,3,556.0
1,distribution,3,557.0
1,compounding,3,558.0
1,content,3,559.0
1,conduct,3,560.0
1,subsequent,3,561.0
1,total,3,562.0
1,settle,3,563.0
1,serve,3,564.0
1,sme,3,565.0
1,facility,3,566.0
1,secondary,3,567.0
1,disgorge,3,568.0
1,connection,3,569.0
1,title,3,570.0
1,detrimental,3,571.0
1,development,3,572.0
1,esp,3,573.0
1,excess,3,574.0
1,esos,3,575.0
1,g,3,576.0
1,fresh,3,577.0
1,demand,3,578.0
1,function,3,579.0
1,university,3,580.0
1,execute,3,581.0
1,unitholder,3,582.0
1,registrar,2,583.0
1,admit,2,584.0
1,auditing,2,585.0
1,computation,2,586.0
1,defer,2,587.0
1,esps,2,588.0
1,comply,2,589.0
1,aspect,2,590.0
1,vest,2,591.0
1,size,2,592.0
1,appear,2,593.0
1,entitled,2,594.0
1,delegate,2,595.0
1,evaluation,2,596.0
1,verification,2,597.0
1,publish,2,598.0
1,level,2,599.0
1,relationship,2,600.0
1,site,2,601.0
1,declaration,2,602.0
1,mark,2,603.0
1,entire,2,604.0
1,association,2,605.0
1,location,2,606.0
1,locate,2,607.0
1,mandate,2,608.0
1,march,2,609.0
1,enforcement,2,610.0
1,single,2,611.0
1,april,2,612.0
1,proximity,2,613.0
1,equivalent,2,614.0
1,sign,2,615.0
1,audited,2,616.0
1,entitie,2,617.0
1,entitle,2,618.0
1,arbitration,2,619.0
1,empower,2,620.0
1,mumbai,2,621.0
1,submission,2,622.0
1,stakeholder,2,623.0
1,alia,2,624.0
1,notification,2,625.0
1,agree,2,626.0
1,discrepancy,2,627.0
1,disciplinary,2,628.0
1,disaster,2,629.0
1,directors,2,630.0
1,raise,2,631.0
1,offence,2,632.0
1,directly,2,633.0
1,offering,2,634.0
1,office,2,635.0
1,aggregate,2,636.0
1,standards,2,637.0
1,omnibus,2,638.0
1,description,2,639.0
1,consent,2,640.0
1,difference,2,641.0
1,step,2,642.0
1,operational,2,643.0
1,consider,2,644.0
1,threshold,2,645.0
1,thousand,2,646.0
1,consolidated,2,647.0
1,oversubscription,2,648.0
1,economic,2,649.0
1,nism,2,650.0
1,analysis,2,651.0
1,soft,2,652.0
1,modify,2,653.0
1,solely,2,654.0
1,purport,2,655.0
1,recover,2,656.0
1,adjudication,2,657.0
1,municipal,2,658.0
1,specific,2,659.0
1,conflict,2,660.0
1,weighted,2,661.0
1,distribute,2,662.0
1,tool,2,663.0
1,disseminate,2,664.0
1,affidavit,2,665.0
1,affiliation,2,666.0
1,reason,2,667.0
1,structure,2,668.0
1,negligence,2,669.0
1,alleged,2,670.0
1,dispose,2,671.0
1,department,2,672.0
1,stage,2,673.0
1,proviso,2,674.0
1,average,2,675.0
1,requisite,2,676.0
1,bye,2,677.0
1,criterion,2,678.0
1,accept,2,679.0
1,fall,2,680.0
1,house,2,681.0
1,adjudicate,2,682.0
1,fair,2,683.0
1,insider,2,684.0
1,processing,2,685.0
1,possible,2,686.0
1,valid,2,687.0
1,swear,2,688.0
1,validity,2,689.0
1,unless,2,690.0
1,surrender,2,691.0
1,position,2,692.0
1,integrity,2,693.0
1,accreditation,2,694.0
1,inter,2,695.0
1,repute,2,696.0
1,holders,2,697.0
1,hypothecation,2,698.0
1,feasibility,2,699.0
1,interim,2,700.0
1,preference,2,701.0
1,technical,2,702.0
1,profile,2,703.0
1,termination,2,704.0
1,formulae,2,705.0
1,accompany,2,706.0
1,restriction,2,707.0
1,utilization,2,708.0
1,access,2,709.0
1,central,2,710.0
1,category,2,711.0
1,separately,2,712.0
1,seizure,2,713.0
1,finding,2,714.0
1,commence,2,715.0
1,identifiable,2,716.0
1,resignation,2,717.0
1,finance,2,718.0
1,resident,2,719.0
1,takeover,2,720.0
1,fiduciary,2,721.0
1,furnish,2,722.0
1,holdco,2,723.0
1,tribunal,2,724.0
1,write,2,725.0
1,geographical,2,726.0
1,shareholding,2,727.0
1,repayment,2,728.0
1,safeguard,2,729.0
1,exclude,2,730.0
1,jointly,2,731.0
1,judicial,2,732.0
1,jurisdiction,2,733.0
1,bankruptcy,2,734.0
1,rental,2,735.0
1,grievance,2,736.0
1,working,2,737.0
1,laches,2,738.0
1,remove,2,739.0
1,sufficient,2,740.0
1,laundering,2,741.0
1,grants,2,742.0
1,clear,2,743.0
1,avoid,2,744.0
1,continuity,2,745.0
1,good,2,746.0
1,repugnant,2,747.0
1,retirement,2,748.0
1,corpus,2,749.0
1,sum,2,750.0
1,brokerage,2,751.0
1,seventy,2,752.0
1,representation,2,753.0
1,extent,2,754.0
1,database,2,755.0
1,continuous,2,756.0
1,pledge,2,757.0
1,history,2,758.0
1,bond,2,759.0
1,gaap,2,760.0
1,gain,2,761.0
1,variation,2,762.0
1,expiry,2,763.0
1,expertise,2,764.0
1,privately,2,765.0
1,actual,2,766.0
1,proper,2,767.0
1,quantity,1,768.0
1,stress,1,769.0
1,terminal,1,770.0
1,strategy,1,771.0
1,production,1,772.0
1,tentatively,1,773.0
1,tenth,1,774.0
1,xix,1,775.0
1,provider,1,776.0
1,tax,1,777.0
1,withdraw,1,778.0
1,store,1,779.0
1,sufficiency,1,780.0
1,woman,1,781.0
1,suggestion,1,782.0
1,succession,1,783.0
1,substantial,1,784.0
1,suitable,1,785.0
1,substance,1,786.0
1,prosecution,1,787.0
1,subsisting,1,788.0
1,wtm,1,789.0
1,therefrom,1,790.0
1,publication,1,791.0
1,withdrawal,1,792.0
1,publicity,1,793.0
1,progress,1,794.0
1,superior,1,795.0
1,window,1,796.0
1,subscriber,1,797.0
1,willing,1,798.0
1,promote,1,799.0
1,suspect,1,800.0
1,wilful,1,801.0
1,thirtieth,1,802.0
1,pursuance,1,803.0
1,test,1,804.0
1,prohibitory,1,805.0
1,prohibition,1,806.0
1,q,1,807.0
1,strict,1,808.0
1,salient,1,809.0
1,violate,1,810.0
1,storage,1,811.0
1,repricing,1,812.0
1,september,1,813.0
1,rescission,1,814.0
1,requisition,1,815.0
1,series,1,816.0
1,vacancy,1,817.0
1,unblock,1,818.0
1,set,1,819.0
1,type,1,820.0
1,reputation,1,821.0
1,reprice,1,822.0
1,resign,1,823.0
1,severally,1,824.0
1,reporting,1,825.0
1,valuing,1,826.0
1,turnaround,1,827.0
1,turn,1,828.0
1,reply,1,829.0
1,replacement,1,830.0
1,shareholde,1,831.0
1,true,1,832.0
1,unblocking,1,833.0
1,undergoing,1,834.0
1,sheet,1,835.0
1,revised,1,836.0
1,rupee,1,837.0
1,satisfactory,1,838.0
1,unlisted,1,839.0
1,roadmap,1,840.0
1,use,1,841.0
1,user,1,842.0
1,scrip,1,843.0
1,revocation,1,844.0
1,secretary,1,845.0
1,revise,1,846.0
1,restoration,1,847.0
1,secrete,1,848.0
1,utilize,1,849.0
1,securitie,1,850.0
1,return,1,851.0
1,securities,1,852.0
1,retain,1,853.0
1,unfulfilled,1,854.0
1,restore,1,855.0
1,underlying,1,856.0
1,trend,1,857.0
1,removal,1,858.0
1,questionnaire,1,859.0
1,whatsoever,1,860.0
1,society,1,861.0
1,redeemable,1,862.0
1,rectify,1,863.0
1,rectification,1,864.0
1,solicitor,1,865.0
1,website,1,866.0
1,reconsideration,1,867.0
1,reckoner,1,868.0
1,receivables,1,869.0
1,reasonable,1,870.0
1,skill,1,871.0
1,realise,1,872.0
1,ready,1,873.0
1,read,1,874.0
1,sro,1,875.0
1,whereever,1,876.0
1,rationale,1,877.0
1,standalone,1,878.0
1,ratification,1,879.0
1,timely,1,880.0
1,redressal,1,881.0
1,voluntarily,1,882.0
1,vary,1,883.0
1,significant,1,884.0
1,remittance,1,885.0
1,shelf,1,886.0
1,rematerialise,1,887.0
1,treatie,1,888.0
1,verifiable,1,889.0
1,short,1,890.0
1,version,1,891.0
1,transmission,1,892.0
1,signature,1,893.0
1,vesting,1,894.0
1,situation,1,895.0
1,vigil,1,896.0
1,similar,1,897.0
1,regulated,1,898.0
1,sit,1,899.0
1,registered,1,900.0
1,unpaid,1,901.0
1,transactional,1,902.0
1,transact,1,903.0
1,refuse,1,904.0
1,ability,1,905.0
1,kyc,1,906.0
1,probable,1,907.0
1,election,1,908.0
1,despite,1,909.0
1,determination,1,910.0
1,device,1,911.0
1,digital,1,912.0
1,diligence,1,913.0
1,direct,1,914.0
1,discharge,1,915.0
1,discuss,1,916.0
1,discussion,1,917.0
1,disposal,1,918.0
1,dissemination,1,919.0
1,distributor,1,920.0
1,dividend,1,921.0
1,dm,1,922.0
1,duty,1,923.0
1,education,1,924.0
1,efficient,1,925.0
1,desire,1,926.0
1,depute,1,927.0
1,deposit,1,928.0
1,debenture,1,929.0
1,country,1,930.0
1,creation,1,931.0
1,current,1,932.0
1,custodian,1,933.0
1,custody,1,934.0
1,custom,1,935.0
1,deal,1,936.0
1,decency,1,937.0
1,dematerialize,1,938.0
1,deem,1,939.0
1,define,1,940.0
1,delay,1,941.0
1,delayed,1,942.0
1,delist,1,943.0
1,demat,1,944.0
1,dematerialization,1,945.0
1,eighty,1,946.0
1,employer,1,947.0
1,home,1,948.0
1,end,1,949.0
1,formality,1,950.0
1,formulate,1,951.0
1,formulation,1,952.0
1,forward,1,953.0
1,fraction,1,954.0
1,free,1,955.0
1,fugitive,1,956.0
1,fulfil,1,957.0
1,fulfill,1,958.0
1,functioning,1,959.0
1,gebs,1,960.0
1,generate,1,961.0
1,generating,1,962.0
1,govern,1,963.0
1,grade,1,964.0
1,ground,1,965.0
1,guidance,1,966.0
1,fix,1,967.0
1,fit,1,968.0
1,fine,1,969.0
1,experience,1,970.0
1,equal,1,971.0
1,erstwhile,1,972.0
1,evaluate,1,973.0
1,ex,1,974.0
1,exclusively,1,975.0
1,exit,1,976.0
1,expect,1,977.0
1,explanation,1,978.0
1,fiduciarie,1,979.0
1,explanatory,1,980.0
1,extinguishment,1,981.0
1,privacy,1,982.0
1,fail,1,983.0
1,faith,1,984.0
1,feature,1,985.0
1,female,1,986.0
1,corresponding,1,987.0
1,correspondence,1,988.0
1,correspond,1,989.0
1,corporatize,1,990.0
1,annum,1,991.0
1,anti,1,992.0
1,ao,1,993.0
1,appellate,1,994.0
1,apply,1,995.0
1,approx,1,996.0
1,arrive,1,997.0
1,article,1,998.0
1,ascribe,1,999.0
1,assess,1,1000.0
1,attachment,1,1001.0
1,attract,1,1002.0
1,authorized,1,1003.0
1,automatic,1,1004.0
1,available,1,1005.0
1,balancing,1,1006.0
1,belong,1,1007.0
1,annex,1,1008.0
1,alteration,1,1009.0
1,allow,1,1010.0
1,addition,1,1011.0
1,abridge,1,1012.0
1,absence,1,1013.0
1,abusive,1,1014.0
1,accord,1,1015.0
1,acting,1,1016.0
1,actuarial,1,1017.0
1,adapt,1,1018.0
1,additional,1,1019.0
1,allottee,1,1020.0
1,admittance,1,1021.0
1,adopt,1,1022.0
1,advance,1,1023.0
1,advocate,1,1024.0
1,affect,1,1025.0
1,agenda,1,1026.0
1,aggrieved,1,1027.0
1,borrow,1,1028.0
1,brochure,1,1029.0
1,build,1,1030.0
1,consensus,1,1031.0
1,component,1,1032.0
1,compulsorily,1,1033.0
1,concerned,1,1034.0
1,concessioning,1,1035.0
1,conclude,1,1036.0
1,connect,1,1037.0
1,connectivity,1,1038.0
1,consist,1,1039.0
1,completion,1,1040.0
1,consolidate,1,1041.0
1,continuation,1,1042.0
1,contra,1,1043.0
1,contravene,1,1044.0
1,contribution,1,1045.0
1,convention,1,1046.0
1,convert,1,1047.0
1,complie,1,1048.0
1,complaint,1,1049.0
1,byelaw,1,1050.0
1,closure,1,1051.0
1,certify,1,1052.0
1,chairpersonship,1,1053.0
1,cheque,1,1054.0
1,circulate,1,1055.0
1,circumstance,1,1056.0
1,clearance,1,1057.0
1,close,1,1058.0
1,collect,1,1059.0
1,competitive,1,1060.0
1,combination,1,1061.0
1,come,1,1062.0
1,commitment,1,1063.0
1,common,1,1064.0
1,communicate,1,1065.0
1,communication,1,1066.0
1,compensate,1,1067.0
1,hereinafter,1,1068.0
1,yield,1,1069.0
1,merge,1,1070.0
1,operate,1,1071.0
1,liquidation,1,1072.0
1,opt,1,1073.0
1,origin,1,1074.0
1,outstanding,1,1075.0
1,overall,1,1076.0
1,ownership,1,1077.0
1,lender,1,1078.0
1,legitimate,1,1079.0
1,lease,1,1080.0
1,p,1,1081.0
1,large,1,1082.0
1,lakh,1,1083.0
1,able,1,1084.0
1,parliament,1,1085.0
1,parte,1,1086.0
1,knowledge,1,1087.0
1,nation,1,1088.0
1,participation,1,1089.0
1,partly,1,1090.0
1,issuing,1,1091.0
1,passing,1,1092.0
1,pcf,1,1093.0
1,peculiar,1,1094.0
1,investee,1,1095.0
1,invest,1,1096.0
1,inventory,1,1097.0
1,intimate,1,1098.0
1,llp,1,1099.0
1,ongoing,1,1100.0
1,internal,1,1101.0
1,low,1,1102.0
1,mutatis,1,1103.0
1,mutandis,1,1104.0
1,nature,1,1105.0
1,multiple,1,1106.0
1,nbfcs,1,1107.0
1,month,1,1108.0
1,monitor,1,1109.0
1,modified,1,1110.0
1,mislead,1,1111.0
1,necessary,1,1112.0
1,minority,1,1113.0
1,need,1,1114.0
1,negotiation,1,1115.0
1,network,1,1116.0
1,newspaper,1,1117.0
1,norm,1,1118.0
1,normally,1,1119.0
1,memo,1,1120.0
1,membership,1,1121.0
1,mechanism,1,1122.0
1,note,1,1123.0
1,materiality,1,1124.0
1,occupant,1,1125.0
1,october,1,1126.0
1,maintenance,1,1127.0
1,offender,1,1128.0
1,maintain,1,1129.0
1,international,1,1130.0
1,mutually,1,1131.0
1,periodic,1,1132.0
1,portion,1,1133.0
1,inferior,1,1134.0
1,preparation,1,1135.0
1,play,1,1136.0
1,indirectly,1,1137.0
1,practise,1,1138.0
1,idrs,1,1139.0
1,premise,1,1140.0
1,pledgee,1,1141.0
1,indirect,1,1142.0
1,indigent,1,1143.0
1,prejudice,1,1144.0
1,ies,1,1145.0
1,implementation,1,1146.0
1,ind,1,1147.0
1,inapplicable,1,1148.0
1,ifrs,1,1149.0
1,pledger,1,1150.0
1,income,1,1151.0
1,incapacitation,1,1152.0
1,police,1,1153.0
1,intermediaries,1,1154.0
1,identification,1,1155.0
1,prevention,1,1156.0
1,periodically,1,1157.0
1,periodicity,1,1158.0
1,priority,1,1159.0
1,interfere,1,1160.0
1,interested,1,1161.0
1,immediate,1,1162.0
1,intend,1,1163.0
1,principle,1,1164.0
1,instance,1,1165.0
1,inquiry,1,1166.0
1,planning,1,1167.0
1,illiquid,1,1168.0
1,imp,1,1169.0
1,permissible,1,1170.0
1,principal,1,1171.0
1,initiation,1,1172.0
1,inheritor,1,1173.0
1,icai,1,1174.0
1,pricing,1,1175.0
1,inheritance,1,1176.0
1,image,1,1177.0
1,admission,0,1178.0
1,turnover,0,1179.0
1,commercial,0,1180.0
1,adjustment,0,1181.0
1,commodity,0,1182.0
1,transferor,0,1183.0
1,networth,0,1184.0
1,preferential,0,1185.0
1,negative,0,1186.0
1,realize,0,1187.0
1,transferable,0,1188.0
1,comprise,0,1189.0
1,concern,0,1190.0
1,nationwide,0,1191.0
1,recipient,0,1192.0
1,concurrence,0,1193.0
1,notch,0,1194.0
1,promotional,0,1195.0
1,underlie,0,1196.0
1,venture,0,1197.0
1,proposing,0,1198.0
1,paper,0,1199.0
1,par,0,1200.0
1,bonus,0,1201.0
1,annually,0,1202.0
1,purchaser,0,1203.0
1,prospectus,0,1204.0
1,combined,0,1205.0
1,publicly,0,1206.0
1,assign,0,1207.0
1,pendency,0,1208.0
1,area,0,1209.0
1,performance,0,1210.0
1,approach,0,1211.0
1,weight,0,1212.0
1,buyback,0,1213.0
1,buyer,0,1214.0
1,cancellation,0,1215.0
1,allocation,0,1216.0
1,alienation,0,1217.0
1,alienate,0,1218.0
1,unsecured,0,1219.0
1,properly,0,1220.0
1,classify,0,1221.0
1,advertise,0,1222.0
1,post,0,1223.0
1,collateral,0,1224.0
1,collective,0,1225.0
1,underwriting,0,1226.0
1,underwriter,0,1227.0
1,combine,0,1228.0
1,participate,0,1229.0
1,rights,0,1230.0
1,consequential,0,1231.0
1,enhancement,0,1232.0
1,separate,0,1233.0
1,far,0,1234.0
1,infrastructure,0,1235.0
1,extinguish,0,1236.0
1,external,0,1237.0
1,seven,0,1238.0
1,expression,0,1239.0
1,exceed,0,1240.0
1,shortfall,0,1241.0
1,entitlement,0,1242.0
1,encumbrance,0,1243.0
1,till,0,1244.0
1,invitation,0,1245.0
1,iof,0,1246.0
1,irrespective,0,1247.0
1,educative,0,1248.0
1,earning,0,1249.0
1,earmark,0,1250.0
1,j,0,1251.0
1,source,0,1252.0
1,space,0,1253.0
1,know,0,1254.0
1,individually,0,1255.0
1,send,0,1256.0
1,sell,0,1257.0
1,indicator,0,1258.0
1,hypothecatee,0,1259.0
1,roll,0,1260.0
1,rta,0,1261.0
1,guarantee,0,1262.0
1,sa,0,1263.0
1,idr,0,1264.0
1,global,0,1265.0
1,satisfaction,0,1266.0
1,generality,0,1267.0
1,future,0,1268.0
1,se,0,1269.0
1,searchable,0,1270.0
1,framework,0,1271.0
1,fractional,0,1272.0
1,restraint,0,1273.0
1,secure,0,1274.0
1,secured,0,1275.0
1,securitised,0,1276.0
1,securitized,0,1277.0
1,incorporate,0,1278.0
1,foot,0,1279.0
1,divide,0,1280.0
1,divest,0,1281.0
1,speed,0,1282.0
1,deceased,0,1283.0
1,debarment,0,1284.0
1,medium,0,1285.0
1,herre,0,1286.0
1,merger,0,1287.0
1,suspension,0,1288.0
1,migration,0,1289.0
1,create,0,1290.0
1,tabular,0,1291.0
1,covenant,0,1292.0
1,coupon,0,1293.0
1,redemption,0,1294.0
1,counter,0,1295.0
1,telephone,0,1296.0
1,red,0,1297.0
1,modification,0,1298.0
1,contribute,0,1299.0
1,contravention,0,1300.0
1,reconstruction,0,1301.0
1,municipality,0,1302.0
1,constitution,0,1303.0
1,recommend,0,1304.0
1,debit,0,1305.0
1,measure,0,1306.0
1,split,0,1307.0
1,declare,0,1308.0
1,diversify,0,1309.0
1,disinvestment,0,1310.0
1,stand,0,1311.0
1,legislation,0,1312.0
1,levy,0,1313.0
1,lien,0,1314.0
1,differential,0,1315.0
1,different,0,1316.0
1,like,0,1317.0
1,line,0,1318.0
1,destroy,0,1319.0
1,long,0,1320.0
1,depositorie,0,1321.0
1,lot,0,1322.0
1,dematerialisation,0,1323.0
1,delivery,0,1324.0
1,margin,0,1325.0
1,marketable,0,1326.0
1,maturity,0,1327.0
1,mean,0,1328.0
1,deduct,0,1329.0
1,face,0,1330.0
2,manager,170,1.0
2,portfolio,86,2.0
2,investment,79,3.0
2,trustee,23,4.0
2,adviser,21,5.0
2,invit,14,6.0
2,board,12,7.0
2,investor,9,8.0
2,foreign,9,9.0
2,asset,8,10.0
2,charter,7,11.0
2,accountant,7,12.0
2,client,6,13.0
2,report,5,14.0
2,service,5,15.0
2,auditor,5,16.0
2,account,5,17.0
2,early,4,18.0
2,reit,4,19.0
2,new,4,20.0
2,discretionary,4,21.0
2,valuer,4,22.0
2,audit,3,23.0
2,associate,3,24.0
2,project,3,25.0
2,certificate,3,26.0
2,appoint,3,27.0
2,fund,3,28.0
2,valuation,3,29.0
2,fee,3,30.0
2,performance,3,31.0
2,transaction,3,32.0
2,activity,3,33.0
2,independent,2,34.0
2,inter,2,35.0
2,previous,2,36.0
2,intermediary,2,37.0
2,spv,2,38.0
2,period,2,39.0
2,disinvestment,2,40.0
2,payment,2,41.0
2,distribution,2,42.0
2,security,2,43.0
2,issue,2,44.0
2,provider,2,45.0
2,shall,2,46.0
2,agent,2,47.0
2,change,2,48.0
2,copy,2,49.0
2,exist,2,50.0
2,advice,2,51.0
2,advisor,2,52.0
2,receive,2,53.0
2,material,2,54.0
2,india,1,55.0
2,action,1,56.0
2,inspect,1,57.0
2,publicly,1,58.0
2,group,1,59.0
2,institute,1,60.0
2,submit,1,61.0
2,estate,1,62.0
2,previously,1,63.0
2,deal,1,64.0
2,declaration,1,65.0
2,grievance,1,66.0
2,corporate,1,67.0
2,contract,1,68.0
2,suspension,1,69.0
2,se,1,70.0
2,obligation,1,71.0
2,maturity,1,72.0
2,base,1,73.0
2,offer,1,74.0
2,particular,1,75.0
2,charge,1,76.0
2,indicator,1,77.0
2,disclosure,1,78.0
2,holder,1,79.0
2,individual,1,80.0
2,body,1,81.0
2,hold,1,82.0
2,initial,1,83.0
2,approach,1,84.0
2,infrastructure,1,85.0
2,include,1,86.0
2,circular,1,87.0
2,authority,1,88.0
2,partnership,1,89.0
2,book,1,90.0
2,information,1,91.0
2,risk,1,92.0
2,non,1,93.0
2,conflict,1,94.0
2,effect,1,95.0
2,accept,1,96.0
2,memorandum,1,97.0
2,recommend,1,98.0
2,allocation,1,99.0
2,advisory,1,100.0
2,company,1,101.0
2,placement,1,102.0
2,alia,1,103.0
2,agreement,1,104.0
2,computation,1,105.0
2,real,1,106.0
2,management,1,107.0
2,situation,1,108.0
2,employee,1,109.0
2,eligible,1,110.0
2,money,1,111.0
2,minimum,1,112.0
2,person,1,113.0
2,annually,1,114.0
2,angel,1,115.0
2,firm,1,116.0
2,qualified,1,117.0
2,nav,1,118.0
2,relate,1,119.0
2,renewal,1,120.0
2,commission,1,121.0
2,meeting,1,122.0
2,probable,0,123.0
2,proceeding,0,124.0
2,position,0,125.0
2,rectification,0,126.0
2,processing,0,127.0
2,privately,0,128.0
2,process,0,129.0
2,possession,0,130.0
2,proceed,0,131.0
2,privacy,0,132.0
2,priority,0,133.0
2,possible,0,134.0
2,procedure,0,135.0
2,privilege,0,136.0
2,private,0,137.0
2,prescribe,0,138.0
2,post,0,139.0
2,primary,0,140.0
2,preparation,0,141.0
2,premise,0,142.0
2,red,0,143.0
2,redeemable,0,144.0
2,prejudice,0,145.0
2,preferential,0,146.0
2,preference,0,147.0
2,price,0,148.0
2,pricing,0,149.0
2,principal,0,150.0
2,postal,0,151.0
2,precede,0,152.0
2,principle,0,153.0
2,pre,0,154.0
2,practise,0,155.0
2,practice,0,156.0
2,prevention,0,157.0
2,prior,0,158.0
2,rectify,0,159.0
2,power,0,160.0
2,redemption,0,161.0
2,recognition,0,162.0
2,product,0,163.0
2,quarter,0,164.0
2,raise,0,165.0
2,quorum,0,166.0
2,reconsideration,0,167.0
2,questionnaire,0,168.0
2,question,0,169.0
2,quarterly,0,170.0
2,quantity,0,171.0
2,ratification,0,172.0
2,qualification,0,173.0
2,q,0,174.0
2,pursuant,0,175.0
2,reconstruction,0,176.0
2,pursuance,0,177.0
2,purpose,0,178.0
2,rate,0,179.0
2,rating,0,180.0
2,production,0,181.0
2,realize,0,182.0
2,reckoner,0,183.0
2,recipient,0,184.0
2,receivables,0,185.0
2,receipt,0,186.0
2,reasonable,0,187.0
2,reason,0,188.0
2,recognize,0,189.0
2,recommendation,0,190.0
2,realise,0,191.0
2,ready,0,192.0
2,read,0,193.0
2,rbi,0,194.0
2,rationale,0,195.0
2,ratio,0,196.0
2,purport,0,197.0
2,purchaser,0,198.0
2,purchase,0,199.0
2,promote,0,200.0
2,proposal,0,201.0
2,property,0,202.0
2,properly,0,203.0
2,proper,0,204.0
2,promotional,0,205.0
2,promoter,0,206.0
2,recovery,0,207.0
2,punishment,0,208.0
2,prohibitory,0,209.0
2,prohibition,0,210.0
2,progress,0,211.0
2,profit,0,212.0
2,profile,0,213.0
2,professional,0,214.0
2,propose,0,215.0
2,proposing,0,216.0
2,recognise,0,217.0
2,prosecution,0,218.0
2,prospectus,0,219.0
2,provide,0,220.0
2,provision,0,221.0
2,proviso,0,222.0
2,proximity,0,223.0
2,proxy,0,224.0
2,portion,0,225.0
2,public,0,226.0
2,recover,0,227.0
2,publication,0,228.0
2,publicity,0,229.0
2,record,0,230.0
2,publish,0,231.0
2,redressal,0,232.0
2,payable,0,233.0
2,policy,0,234.0
2,negligence,0,235.0
2,need,0,236.0
2,necessary,0,237.0
2,nbfcs,0,238.0
2,nature,0,239.0
2,nationwide,0,240.0
2,national,0,241.0
2,nation,0,242.0
2,mutually,0,243.0
2,mutual,0,244.0
2,mutatis,0,245.0
2,mutandis,0,246.0
2,municipality,0,247.0
2,municipal,0,248.0
2,mumbai,0,249.0
2,multiple,0,250.0
2,negative,0,251.0
2,negotiation,0,252.0
2,occupant,0,253.0
2,net,0,254.0
2,observation,0,255.0
2,objection,0,256.0
2,number,0,257.0
2,notification,0,258.0
2,noticee,0,259.0
2,notice,0,260.0
2,note,0,261.0
2,notch,0,262.0
2,normally,0,263.0
2,norm,0,264.0
2,nomination,0,265.0
2,nism,0,266.0
2,newspaper,0,267.0
2,networth,0,268.0
2,network,0,269.0
2,month,0,270.0
2,monitoring,0,271.0
2,monitor,0,272.0
2,monie,0,273.0
2,mechanism,0,274.0
2,measure,0,275.0
2,mean,0,276.0
2,maximum,0,277.0
2,matter,0,278.0
2,materiality,0,279.0
2,marketable,0,280.0
2,market,0,281.0
2,mark,0,282.0
2,margin,0,283.0
2,march,0,284.0
2,manner,0,285.0
2,mandate,0,286.0
2,managing,0,287.0
2,managerial,0,288.0
2,medium,0,289.0
2,meet,0,290.0
2,member,0,291.0
2,mislead,0,292.0
2,monetary,0,293.0
2,modify,0,294.0
2,modified,0,295.0
2,modification,0,296.0
2,mode,0,297.0
2,misleading,0,298.0
2,minority,0,299.0
2,membership,0,300.0
2,migration,0,301.0
2,merger,0,302.0
2,merge,0,303.0
2,merchant,0,304.0
2,mention,0,305.0
2,memo,0,306.0
2,obtain,0,307.0
2,october,0,308.0
2,police,0,309.0
2,pension,0,310.0
2,pende,0,311.0
2,penalty,0,312.0
2,peer,0,313.0
2,peculiar,0,314.0
2,pcf,0,315.0
2,refund,0,316.0
2,pay,0,317.0
2,passing,0,318.0
2,pass,0,319.0
2,party,0,320.0
2,partner,0,321.0
2,partly,0,322.0
2,participation,0,323.0
2,participate,0,324.0
2,participant,0,325.0
2,pendency,0,326.0
2,percent,0,327.0
2,offence,0,328.0
2,periodic,0,329.0
2,pledger,0,330.0
2,pledgee,0,331.0
2,pledge,0,332.0
2,play,0,333.0
2,planning,0,334.0
2,plan,0,335.0
2,place,0,336.0
2,physical,0,337.0
2,pertain,0,338.0
2,personnel,0,339.0
2,personal,0,340.0
2,permissible,0,341.0
2,permanent,0,342.0
2,periodicity,0,343.0
2,periodically,0,344.0
2,parte,0,345.0
2,parliament,0,346.0
2,parameter,0,347.0
2,para,0,348.0
2,opt,0,349.0
2,opportunity,0,350.0
2,opinion,0,351.0
2,operational,0,352.0
2,operation,0,353.0
2,operate,0,354.0
2,open,0,355.0
2,ongoing,0,356.0
2,omnibus,0,357.0
2,omission,0,358.0
2,offshore,0,359.0
2,officer,0,360.0
2,office,0,361.0
2,offering,0,362.0
2,offender,0,363.0
2,option,0,364.0
2,order,0,365.0
2,ordinary,0,366.0
2,owner,0,367.0
2,par,0,368.0
2,paper,0,369.0
2,panel,0,370.0
2,page,0,371.0
2,p,0,372.0
2,ownership,0,373.0
2,oversubscription,0,374.0
2,organisation,0,375.0
2,overall,0,376.0
2,outstanding,0,377.0
2,outside,0,378.0
2,original,0,379.0
2,origin,0,380.0
2,organization,0,381.0
2,refer,0,382.0
2,ability,0,383.0
2,refundable,0,384.0
2,termination,0,385.0
2,threshold,0,386.0
2,thousand,0,387.0
2,thirtieth,0,388.0
2,thereund,0,389.0
2,thereof,0,390.0
2,therefrom,0,391.0
2,test,0,392.0
2,terminal,0,393.0
2,time,0,394.0
2,term,0,395.0
2,tenure,0,396.0
2,tenth,0,397.0
2,tentatively,0,398.0
2,tendering,0,399.0
2,tender,0,400.0
2,telephone,0,401.0
2,till,0,402.0
2,timely,0,403.0
2,tax,0,404.0
2,transferor,0,405.0
2,turn,0,406.0
2,trust,0,407.0
2,true,0,408.0
2,tribunal,0,409.0
2,trend,0,410.0
2,treatie,0,411.0
2,transmission,0,412.0
2,transferable,0,413.0
2,title,0,414.0
2,transfer,0,415.0
2,transactional,0,416.0
2,transact,0,417.0
2,trading,0,418.0
2,trade,0,419.0
2,total,0,420.0
2,tool,0,421.0
2,technical,0,422.0
2,target,0,423.0
2,turnover,0,424.0
2,store,0,425.0
2,submission,0,426.0
2,subject,0,427.0
2,sub,0,428.0
2,structure,0,429.0
2,strict,0,430.0
2,stress,0,431.0
2,strategy,0,432.0
2,storage,0,433.0
2,subscription,0,434.0
2,stock,0,435.0
2,stipulate,0,436.0
2,step,0,437.0
2,statutory,0,438.0
2,status,0,439.0
2,statement,0,440.0
2,state,0,441.0
2,subscriber,0,442.0
2,subsequent,0,443.0
2,takeover,0,444.0
2,suitable,0,445.0
2,tabular,0,446.0
2,table,0,447.0
2,swear,0,448.0
2,suspect,0,449.0
2,surrender,0,450.0
2,superior,0,451.0
2,sum,0,452.0
2,suggestion,0,453.0
2,subsidiary,0,454.0
2,sufficient,0,455.0
2,sufficiency,0,456.0
2,suffer,0,457.0
2,succession,0,458.0
2,substantial,0,459.0
2,substance,0,460.0
2,subsisting,0,461.0
2,turnaround,0,462.0
2,type,0,463.0
2,standard,0,464.0
2,warrant,0,465.0
2,whereever,0,466.0
2,whatsoever,0,467.0
2,weighted,0,468.0
2,weight,0,469.0
2,week,0,470.0
2,website,0,471.0
2,way,0,472.0
2,waiver,0,473.0
2,wholly,0,474.0
2,voting,0,475.0
2,vote,0,476.0
2,voluntarily,0,477.0
2,volume,0,478.0
2,violation,0,479.0
2,violate,0,480.0
2,viii,0,481.0
2,whichever,0,482.0
2,wide,0,483.0
2,vigil,0,484.0
2,working,0,485.0
2,yearly,0,486.0
2,year,0,487.0
2,xix,0,488.0
2,wtms,0,489.0
2,wtm,0,490.0
2,writing,0,491.0
2,write,0,492.0
2,work,0,493.0
2,wilful,0,494.0
2,woman,0,495.0
2,witness,0,496.0
2,withdrawal,0,497.0
2,withdraw,0,498.0
2,window,0,499.0
2,wind,0,500.0
2,willing,0,501.0
2,vii,0,502.0
2,vi,0,503.0
2,unblock,0,504.0
2,unfulfilled,0,505.0
2,unpublished,0,506.0
2,unpaid,0,507.0
2,unlisted,0,508.0
2,unless,0,509.0
2,university,0,510.0
2,unitholder,0,511.0
2,unit,0,512.0
2,underwriting,0,513.0
2,use,0,514.0
2,underwriter,0,515.0
2,undertaking,0,516.0
2,undertake,0,517.0
2,underlying,0,518.0
2,underlie,0,519.0
2,undergoing,0,520.0
2,unblocking,0,521.0
2,unsecured,0,522.0
2,user,0,523.0
2,vesting,0,524.0
2,vary,0,525.0
2,vest,0,526.0
2,vessel,0,527.0
2,version,0,528.0
2,verification,0,529.0
2,verifiable,0,530.0
2,venture,0,531.0
2,vehicle,0,532.0
2,variation,0,533.0
2,utilization,0,534.0
2,valuing,0,535.0
2,value,0,536.0
2,validity,0,537.0
2,valid,0,538.0
2,vacancy,0,539.0
2,v,0,540.0
2,utilize,0,541.0
2,standards,0,542.0
2,standalone,0,543.0
2,refuse,0,544.0
2,resolution,0,545.0
2,restriction,0,546.0
2,restraint,0,547.0
2,restore,0,548.0
2,restoration,0,549.0
2,responsibility,0,550.0
2,respective,0,551.0
2,respect,0,552.0
2,resignation,0,553.0
2,retain,0,554.0
2,resign,0,555.0
2,resident,0,556.0
2,reserve,0,557.0
2,research,0,558.0
2,rescission,0,559.0
2,requisition,0,560.0
2,requisite,0,561.0
2,result,0,562.0
2,retirement,0,563.0
2,require,0,564.0
2,rights,0,565.0
2,sa,0,566.0
2,rupee,0,567.0
2,rule,0,568.0
2,rta,0,569.0
2,roll,0,570.0
2,role,0,571.0
2,roadmap,0,572.0
2,right,0,573.0
2,return,0,574.0
2,reward,0,575.0
2,revocation,0,576.0
2,revision,0,577.0
2,revised,0,578.0
2,revise,0,579.0
2,review,0,580.0
2,revenue,0,581.0
2,requirement,0,582.0
2,request,0,583.0
2,sale,0,584.0
2,regulatory,0,585.0
2,relaxation,0,586.0
2,relative,0,587.0
2,relationship,0,588.0
2,relation,0,589.0
2,related,0,590.0
2,rejection,0,591.0
2,reject,0,592.0
2,regulator,0,593.0
2,remain,0,594.0
2,regulated,0,595.0
2,regulate,0,596.0
2,registration,0,597.0
2,registrar,0,598.0
2,registered,0,599.0
2,register,0,600.0
2,regard,0,601.0
2,relevant,0,602.0
2,rematerialise,0,603.0
2,repute,0,604.0
2,reporting,0,605.0
2,reputation,0,606.0
2,repugnant,0,607.0
2,repricing,0,608.0
2,reprice,0,609.0
2,representative,0,610.0
2,representation,0,611.0
2,represent,0,612.0
2,reply,0,613.0
2,remedy,0,614.0
2,replacement,0,615.0
2,repeal,0,616.0
2,repayment,0,617.0
2,rental,0,618.0
2,remove,0,619.0
2,removal,0,620.0
2,remittance,0,621.0
2,safeguard,0,622.0
2,salient,0,623.0
2,stand,0,624.0
2,shortfall,0,625.0
2,site,0,626.0
2,sit,0,627.0
2,single,0,628.0
2,similar,0,629.0
2,significant,0,630.0
2,signature,0,631.0
2,sign,0,632.0
2,short,0,633.0
2,skill,0,634.0
2,shelf,0,635.0
2,sheet,0,636.0
2,shareholding,0,637.0
2,shareholder,0,638.0
2,shareholde,0,639.0
2,share,0,640.0
2,severally,0,641.0
2,size,0,642.0
2,sme,0,643.0
2,seven,0,644.0
2,specify,0,645.0
2,stakeholder,0,646.0
2,stage,0,647.0
2,sro,0,648.0
2,sr,0,649.0
2,sponsor,0,650.0
2,split,0,651.0
2,speed,0,652.0
2,specified,0,653.0
2,society,0,654.0
2,specific,0,655.0
2,special,0,656.0
2,space,0,657.0
2,source,0,658.0
2,solicitor,0,659.0
2,solely,0,660.0
2,soft,0,661.0
2,seventy,0,662.0
2,settlement,0,663.0
2,sar,0,664.0
2,searchable,0,665.0
2,secure,0,666.0
2,sector,0,667.0
2,secrete,0,668.0
2,secretary,0,669.0
2,secondary,0,670.0
2,second,0,671.0
2,sebi,0,672.0
2,search,0,673.0
2,securitie,0,674.0
2,scrip,0,675.0
2,scheme,0,676.0
2,say,0,677.0
2,satisfy,0,678.0
2,satisfied,0,679.0
2,satisfactory,0,680.0
2,satisfaction,0,681.0
2,secured,0,682.0
2,securities,0,683.0
2,settle,0,684.0
2,senior,0,685.0
2,set,0,686.0
2,serve,0,687.0
2,series,0,688.0
2,september,0,689.0
2,separately,0,690.0
2,separate,0,691.0
2,sensitive,0,692.0
2,send,0,693.0
2,securitised,0,694.0
2,sell,0,695.0
2,self,0,696.0
2,seizure,0,697.0
2,seize,0,698.0
2,seeking,0,699.0
2,seek,0,700.0
2,securitized,0,701.0
2,remuneration,0,702.0
2,kyc,0,703.0
2,manage,0,704.0
2,conclude,0,705.0
2,connection,0,706.0
2,connect,0,707.0
2,conform,0,708.0
2,confidentiality,0,709.0
2,conduct,0,710.0
2,condition,0,711.0
2,concurrence,0,712.0
2,concessioning,0,713.0
2,consensus,0,714.0
2,concert,0,715.0
2,concerned,0,716.0
2,concern,0,717.0
2,compulsorily,0,718.0
2,comprise,0,719.0
2,compounding,0,720.0
2,composition,0,721.0
2,connectivity,0,722.0
2,consent,0,723.0
2,claim,0,724.0
2,context,0,725.0
2,contravention,0,726.0
2,contravene,0,727.0
2,contra,0,728.0
2,continuous,0,729.0
2,continuity,0,730.0
2,continue,0,731.0
2,continuation,0,732.0
2,content,0,733.0
2,consequential,0,734.0
2,contain,0,735.0
2,constitution,0,736.0
2,consolidated,0,737.0
2,consolidate,0,738.0
2,consist,0,739.0
2,consideration,0,740.0
2,consider,0,741.0
2,component,0,742.0
2,comply,0,743.0
2,complie,0,744.0
2,code,0,745.0
2,come,0,746.0
2,combined,0,747.0
2,combine,0,748.0
2,combination,0,749.0
2,collective,0,750.0
2,collect,0,751.0
2,collateral,0,752.0
2,closure,0,753.0
2,compliance,0,754.0
2,close,0,755.0
2,clearing,0,756.0
2,clearance,0,757.0
2,clear,0,758.0
2,clause,0,759.0
2,classify,0,760.0
2,classification,0,761.0
2,commence,0,762.0
2,commencement,0,763.0
2,comment,0,764.0
2,commercial,0,765.0
2,completion,0,766.0
2,complete,0,767.0
2,complaint,0,768.0
2,competitive,0,769.0
2,competent,0,770.0
2,compete,0,771.0
2,compensation,0,772.0
2,compensate,0,773.0
2,communication,0,774.0
2,communicate,0,775.0
2,common,0,776.0
2,commodity,0,777.0
2,committee,0,778.0
2,commitment,0,779.0
2,commit,0,780.0
2,contribute,0,781.0
2,contribution,0,782.0
2,control,0,783.0
2,delay,0,784.0
2,demat,0,785.0
2,demand,0,786.0
2,delivery,0,787.0
2,delisting,0,788.0
2,delist,0,789.0
2,delegate,0,790.0
2,delayed,0,791.0
2,define,0,792.0
2,decency,0,793.0
2,defer,0,794.0
2,defaulter,0,795.0
2,default,0,796.0
2,deem,0,797.0
2,deed,0,798.0
2,deduct,0,799.0
2,declare,0,800.0
2,dematerialisation,0,801.0
2,dematerialise,0,802.0
2,dematerialization,0,803.0
2,dematerialize,0,804.0
2,determine,0,805.0
2,determination,0,806.0
2,detailed,0,807.0
2,destroy,0,808.0
2,despite,0,809.0
2,desirous,0,810.0
2,desire,0,811.0
2,designate,0,812.0
2,description,0,813.0
2,derivative,0,814.0
2,depute,0,815.0
2,depository,0,816.0
2,depositorie,0,817.0
2,deposit,0,818.0
2,department,0,819.0
2,decision,0,820.0
2,deceased,0,821.0
2,convention,0,822.0
2,corresponding,0,823.0
2,course,0,824.0
2,coupon,0,825.0
2,country,0,826.0
2,counter,0,827.0
2,count,0,828.0
2,council,0,829.0
2,cost,0,830.0
2,correspondence,0,831.0
2,debt,0,832.0
2,correspond,0,833.0
2,corpus,0,834.0
2,corporatize,0,835.0
2,corporation,0,836.0
2,convertible,0,837.0
2,convert,0,838.0
2,conversion,0,839.0
2,court,0,840.0
2,covenant,0,841.0
2,cover,0,842.0
2,coverage,0,843.0
2,debit,0,844.0
2,debenture,0,845.0
2,debarment,0,846.0
2,day,0,847.0
2,datum,0,848.0
2,date,0,849.0
2,database,0,850.0
2,custom,0,851.0
2,custody,0,852.0
2,custodian,0,853.0
2,current,0,854.0
2,criterion,0,855.0
2,credit,0,856.0
2,creation,0,857.0
2,create,0,858.0
2,class,0,859.0
2,circumstance,0,860.0
2,development,0,861.0
2,alienation,0,862.0
2,alternative,0,863.0
2,alteration,0,864.0
2,allow,0,865.0
2,allottee,0,866.0
2,allotment,0,867.0
2,alleged,0,868.0
2,allege,0,869.0
2,alienate,0,870.0
2,analogous,0,871.0
2,aircraft,0,872.0
2,agree,0,873.0
2,aggrieved,0,874.0
2,aggrieve,0,875.0
2,aggregate,0,876.0
2,agenda,0,877.0
2,agency,0,878.0
2,amendment,0,879.0
2,analysis,0,880.0
2,circulate,0,881.0
2,appellate,0,882.0
2,approval,0,883.0
2,appropriate,0,884.0
2,appointment,0,885.0
2,apply,0,886.0
2,application,0,887.0
2,applicant,0,888.0
2,applicable,0,889.0
2,appear,0,890.0
2,analyst,0,891.0
2,ao,0,892.0
2,anti,0,893.0
2,annum,0,894.0
2,annual,0,895.0
2,announcement,0,896.0
2,announce,0,897.0
2,annex,0,898.0
2,aforesaid,0,899.0
2,affiliation,0,900.0
2,affidavit,0,901.0
2,accounting,0,902.0
2,acting,0,903.0
2,act,0,904.0
2,acquisition,0,905.0
2,acquirer,0,906.0
2,acquire,0,907.0
2,accrue,0,908.0
2,accreditation,0,909.0
2,accordance,0,910.0
2,affect,0,911.0
2,accord,0,912.0
2,accompany,0,913.0
2,access,0,914.0
2,acceptance,0,915.0
2,abusive,0,916.0
2,absence,0,917.0
2,abridge,0,918.0
2,actual,0,919.0
2,actuarial,0,920.0
2,adapt,0,921.0
2,addition,0,922.0
2,affair,0,923.0
2,advocate,0,924.0
2,advertisement,0,925.0
2,advertise,0,926.0
2,advance,0,927.0
2,adopt,0,928.0
2,admittance,0,929.0
2,admit,0,930.0
2,admission,0,931.0
2,administrator,0,932.0
2,adjustment,0,933.0
2,adjudication,0,934.0
2,adjudicate,0,935.0
2,adequate,0,936.0
2,additional,0,937.0
2,approve,0,938.0
2,approx,0,939.0
2,april,0,940.0
2,buy,0,941.0
2,calculation,0,942.0
2,calculate,0,943.0
2,c,0,944.0
2,byelaw,0,945.0
2,bye,0,946.0
2,buyer,0,947.0
2,buyback,0,948.0
2,business,0,949.0
2,bond,0,950.0
2,building,0,951.0
2,build,0,952.0
2,brokerage,0,953.0
2,broker,0,954.0
2,brochure,0,955.0
2,borrowing,0,956.0
2,borrow,0,957.0
2,cancellation,0,958.0
2,capital,0,959.0
2,capitalization,0,960.0
2,carry,0,961.0
2,chief,0,962.0
2,cheque,0,963.0
2,chartered,0,964.0
2,chairpersonship,0,965.0
2,chairperson,0,966.0
2,chairman,0,967.0
2,certify,0,968.0
2,certification,0,969.0
2,central,0,970.0
2,cent,0,971.0
2,cause,0,972.0
2,category,0,973.0
2,cast,0,974.0
2,cash,0,975.0
2,case,0,976.0
2,bonus,0,977.0
2,benefit,0,978.0
2,arbitration,0,979.0
2,assessment,0,980.0
2,auditing,0,981.0
2,audited,0,982.0
2,attract,0,983.0
2,attachment,0,984.0
2,association,0,985.0
2,assignment,0,986.0
2,assign,0,987.0
2,assess,0,988.0
2,beneficial,0,989.0
2,aspect,0,990.0
2,ascribe,0,991.0
2,article,0,992.0
2,arrive,0,993.0
2,arrangement,0,994.0
2,arise,0,995.0
2,area,0,996.0
2,authorise,0,997.0
2,authorised,0,998.0
2,authorize,0,999.0
2,authorized,0,1000.0
2,belong,0,1001.0
2,behalf,0,1002.0
2,bearing,0,1003.0
2,basis,0,1004.0
2,bankruptcy,0,1005.0
2,banking,0,1006.0
2,banker,0,1007.0
2,bank,0,1008.0
2,ballot,0,1009.0
2,balancing,0,1010.0
2,b,0,1011.0
2,avoid,0,1012.0
2,average,0,1013.0
2,available,0,1014.0
2,automatic,0,1015.0
2,detrimental,0,1016.0
2,device,0,1017.0
2,majority,0,1018.0
2,immediately,0,1019.0
2,incidental,0,1020.0
2,incapacitation,0,1021.0
2,inapplicable,0,1022.0
2,implementation,0,1023.0
2,implement,0,1024.0
2,impact,0,1025.0
2,imp,0,1026.0
2,immediate,0,1027.0
2,incorporate,0,1028.0
2,image,0,1029.0
2,illiquid,0,1030.0
2,iii,0,1031.0
2,ii,0,1032.0
2,ifrs,0,1033.0
2,ies,0,1034.0
2,idrs,0,1035.0
2,income,0,1036.0
2,increase,0,1037.0
2,gaap,0,1038.0
2,informant,0,1039.0
2,insider,0,1040.0
2,inquiry,0,1041.0
2,initiation,0,1042.0
2,initiate,0,1043.0
2,inheritor,0,1044.0
2,inheritance,0,1045.0
2,ingress,0,1046.0
2,inferior,0,1047.0
2,incur,0,1048.0
2,individually,0,1049.0
2,indirectly,0,1050.0
2,indirect,0,1051.0
2,indigent,0,1052.0
2,indicate,0,1053.0
2,indian,0,1054.0
2,ind,0,1055.0
2,idr,0,1056.0
2,identity,0,1057.0
2,identification,0,1058.0
2,govern,0,1059.0
2,ground,0,1060.0
2,grants,0,1061.0
2,grant,0,1062.0
2,grade,0,1063.0
2,government,0,1064.0
2,governing,0,1065.0
2,governance,0,1066.0
2,good,0,1067.0
2,identifiable,0,1068.0
2,global,0,1069.0
2,geographical,0,1070.0
2,generating,0,1071.0
2,generate,0,1072.0
2,generality,0,1073.0
2,general,0,1074.0
2,gebs,0,1075.0
2,guarantee,0,1076.0
2,guidance,0,1077.0
2,half,0,1078.0
2,handle,0,1079.0
2,icai,0,1080.0
2,ic,0,1081.0
2,ia,0,1082.0
2,hypothecation,0,1083.0
2,hypothecatee,0,1084.0
2,hpac,0,1085.0
2,house,0,1086.0
2,home,0,1087.0
2,holding,0,1088.0
2,holders,0,1089.0
2,holdco,0,1090.0
2,history,0,1091.0
2,high,0,1092.0
2,herre,0,1093.0
2,hereinafter,0,1094.0
2,insolvency,0,1095.0
2,inspection,0,1096.0
2,instance,0,1097.0
2,legislation,0,1098.0
2,lien,0,1099.0
2,liability,0,1100.0
2,levy,0,1101.0
2,level,0,1102.0
2,letter,0,1103.0
2,lender,0,1104.0
2,legitimate,0,1105.0
2,legal,0,1106.0
2,kra,0,1107.0
2,lease,0,1108.0
2,lead,0,1109.0
2,law,0,1110.0
2,laundering,0,1111.0
2,large,0,1112.0
2,lakh,0,1113.0
2,laches,0,1114.0
2,like,0,1115.0
2,limit,0,1116.0
2,limitation,0,1117.0
2,limited,0,1118.0
2,maintenance,0,1119.0
2,maintain,0,1120.0
2,low,0,1121.0
2,lot,0,1122.0
2,loss,0,1123.0
2,long,0,1124.0
2,lock,0,1125.0
2,location,0,1126.0
2,locate,0,1127.0
2,llp,0,1128.0
2,listing,0,1129.0
2,listed,0,1130.0
2,list,0,1131.0
2,liquidation,0,1132.0
2,line,0,1133.0
2,able,0,1134.0
2,knowledge,0,1135.0
2,institution,0,1136.0
2,interim,0,1137.0
2,invest,0,1138.0
2,inventory,0,1139.0
2,intimation,0,1140.0
2,intimate,0,1141.0
2,international,0,1142.0
2,internal,0,1143.0
2,intermediaries,0,1144.0
2,interfere,0,1145.0
2,know,0,1146.0
2,interested,0,1147.0
2,intention,0,1148.0
2,intend,0,1149.0
2,integrity,0,1150.0
2,insurance,0,1151.0
2,instrument,0,1152.0
2,instruction,0,1153.0
2,investee,0,1154.0
2,investigate,0,1155.0
2,investigation,0,1156.0
2,invitation,0,1157.0
2,key,0,1158.0
2,jurisdiction,0,1159.0
2,judicial,0,1160.0
2,jointly,0,1161.0
2,joint,0,1162.0
2,j,0,1163.0
2,iv,0,1164.0
2,item,0,1165.0
2,issuing,0,1166.0
2,issuer,0,1167.0
2,issuance,0,1168.0
2,irrespective,0,1169.0
2,ipo,0,1170.0
2,iof,0,1171.0
2,involve,0,1172.0
2,gain,0,1173.0
2,g,0,1174.0
2,difference,0,1175.0
2,employ,0,1176.0
2,enhancement,0,1177.0
2,engage,0,1178.0
2,enforcement,0,1179.0
2,end,0,1180.0
2,encumbrance,0,1181.0
2,empower,0,1182.0
2,employer,0,1183.0
2,electronic,0,1184.0
2,ensure,0,1185.0
2,election,0,1186.0
2,eighty,0,1187.0
2,efficient,0,1188.0
2,educative,0,1189.0
2,education,0,1190.0
2,economic,0,1191.0
2,earning,0,1192.0
2,enquiry,0,1193.0
2,enter,0,1194.0
2,future,0,1195.0
2,equivalent,0,1196.0
2,evaluate,0,1197.0
2,establish,0,1198.0
2,esps,0,1199.0
2,esp,0,1200.0
2,esos,0,1201.0
2,escrow,0,1202.0
2,erstwhile,0,1203.0
2,equity,0,1204.0
2,entire,0,1205.0
2,equal,0,1206.0
2,entry,0,1207.0
2,entity,0,1208.0
2,entitlement,0,1209.0
2,entitled,0,1210.0
2,entitle,0,1211.0
2,entitie,0,1212.0
2,earmark,0,1213.0
2,e,0,1214.0
2,duty,0,1215.0
2,directors,0,1216.0
2,discussion,0,1217.0
2,discuss,0,1218.0
2,discrepancy,0,1219.0
2,disclose,0,1220.0
2,disciplinary,0,1221.0
2,discharge,0,1222.0
2,disaster,0,1223.0
2,director,0,1224.0
2,duly,0,1225.0
2,directly,0,1226.0
2,direction,0,1227.0
2,direct,0,1228.0
2,diligence,0,1229.0
2,digital,0,1230.0
2,differential,0,1231.0
2,different,0,1232.0
2,disgorge,0,1233.0
2,disgorgement,0,1234.0
2,disposal,0,1235.0
2,dispose,0,1236.0
2,draft,0,1237.0
2,domain,0,1238.0
2,document,0,1239.0
2,dm,0,1240.0
2,division,0,1241.0
2,dividend,0,1242.0
2,divide,0,1243.0
2,divest,0,1244.0
2,diversify,0,1245.0
2,distributor,0,1246.0
2,distribute,0,1247.0
2,distinct,0,1248.0
2,dissemination,0,1249.0
2,disseminate,0,1250.0
2,dispute,0,1251.0
2,evaluation,0,1252.0
2,event,0,1253.0
2,evidence,0,1254.0
2,fine,0,1255.0
2,force,0,1256.0
2,foot,0,1257.0
2,following,0,1258.0
2,follow,0,1259.0
2,flow,0,1260.0
2,fix,0,1261.0
2,fit,0,1262.0
2,finding,0,1263.0
2,female,0,1264.0
2,financial,0,1265.0
2,finance,0,1266.0
2,final,0,1267.0
2,filing,0,1268.0
2,file,0,1269.0
2,figure,0,1270.0
2,fiduciary,0,1271.0
2,forfeiture,0,1272.0
2,form,0,1273.0
2,formality,0,1274.0
2,format,0,1275.0
2,furnish,0,1276.0
2,functioning,0,1277.0
2,function,0,1278.0
2,fulfill,0,1279.0
2,fulfil,0,1280.0
2,fugitive,0,1281.0
2,fresh,0,1282.0
2,free,0,1283.0
2,framework,0,1284.0
2,fractional,0,1285.0
2,fraction,0,1286.0
2,forward,0,1287.0
2,formulation,0,1288.0
2,formulate,0,1289.0
2,formulae,0,1290.0
2,fiduciarie,0,1291.0
2,feature,0,1292.0
2,ex,0,1293.0
2,exemption,0,1294.0
2,expiry,0,1295.0
2,expertise,0,1296.0
2,experience,0,1297.0
2,expense,0,1298.0
2,expect,0,1299.0
2,exit,0,1300.0
2,exercise,0,1301.0
2,executive,0,1302.0
2,feasibility,0,1303.0
2,execution,0,1304.0
2,execute,0,1305.0
2,exclusively,0,1306.0
2,exclude,0,1307.0
2,exchange,0,1308.0
2,excess,0,1309.0
2,exceed,0,1310.0
2,explanation,0,1311.0
2,explanatory,0,1312.0
2,expression,0,1313.0
2,extent,0,1314.0
2,favour,0,1315.0
2,far,0,1316.0
2,false,0,1317.0
2,fall,0,1318.0
2,faith,0,1319.0
2,fair,0,1320.0
2,fail,0,1321.0
2,factor,0,1322.0
2,fact,0,1323.0
2,facility,0,1324.0
2,face,0,1325.0
2,f,0,1326.0
2,extinguishment,0,1327.0
2,extinguish,0,1328.0
2,external,0,1329.0
2,yield,0,1330.0
